Localidade;Ano;LigacoesEsgoto;PercentualPopulacaoAtendidaEsgoto
Abadia de Goiás;2006;264;15,59
Abadia de Goiás;2007;273;20,89
Abadia de Goiás;2008;372;25,72
Abadia de Goiás;2009;573;39,3
Abadia de Goiás;2010;747;42,5
Abadia de Goiás;2011;796;42,45
Abadia de Goiás;2012;831;43,9
Abadia de Goiás;2013;856;42,26
Abadia de Goiás;2014;894;43,5
Abadia de Goiás;2015;984;46,6
Abadia de Goiás;2016;1075;49,3
Abadia de Goiás;2017;1097;49,4
Abadia de Goiás;2018;1121;49,6
Acreúna;2010;1;
Acreúna;2011;1711;26,01
Acreúna;2012;1732;28,9
Acreúna;2013;1759;25,04
Acreúna;2014;1790;25,2
Acreúna;2015;1811;25,1
Acreúna;2016;1840;25,3
Acreúna;2017;2500;34,7
Acreúna;2018;3157;44,2
Adelândia;2017;1;0,1
Águas Lindas de Goiás;2017;1616;2,8
Águas Lindas de Goiás;2018;14169;26,7
Alexânia;2011;1;
Alexânia;2012;1;
Alexânia;2013;1;
Alexânia;2014;1;
Alexânia;2015;1;
Alexânia;2016;1;
Alexânia;2017;1;
Alexânia;2018;1;
Alto Horizonte;2014;1;
Alvorada do Norte;2005;63;1,88
Alvorada do Norte;2006;63;1,88
Alvorada do Norte;2007;63;1,94
Alvorada do Norte;2008;64;1,92
Alvorada do Norte;2009;64;1,8
Alvorada do Norte;2010;78;2,4
Alvorada do Norte;2011;78;2,43
Alvorada do Norte;2012;80;2,4
Alvorada do Norte;2013;80;2,25
Alvorada do Norte;2014;83;2,4
Alvorada do Norte;2015;83;2,3
Alvorada do Norte;2016;83;2,2
Alvorada do Norte;2017;84;2,2
Alvorada do Norte;2018;87;2
Amaralina;2018;1;
Anápolis;2005;37517;48,52
Anápolis;2006;38134;47,84
Anápolis;2007;39501;45,86
Anápolis;2008;40876;46,67
Anápolis;2009;42604;47,7
Anápolis;2010;46206;47,4
Anápolis;2011;51000;49,83
Anápolis;2012;53934;52,7
Anápolis;2013;60507;54,89
Anápolis;2014;64148;57,5
Anápolis;2015;67347;59,5
Anápolis;2016;70293;61,1
Anápolis;2017;74263;63,8
Anápolis;2018;78784;66,9
Anicuns;2005;1940;35,44
Anicuns;2006;2099;37,43
Anicuns;2007;2148;41,52
Anicuns;2008;2187;43,78
Anicuns;2009;2224;41,7
Anicuns;2010;2270;36,4
Anicuns;2011;2511;40,45
Anicuns;2012;2566;42,3
Anicuns;2013;2612;39,31
Anicuns;2014;2733;40,3
Anicuns;2015;2873;41,4
Anicuns;2016;2942;42,7
Anicuns;2017;3009;43,1
Anicuns;2018;3120;43,7
Aparecida de Goiânia;2005;14297;15,76
Aparecida de Goiânia;2006;16170;16,04
Aparecida de Goiânia;2007;17680;15,92
Aparecida de Goiânia;2008;19414;16,17
Aparecida de Goiânia;2009;21379;16,7
Aparecida de Goiânia;2010;23358;19,5
Aparecida de Goiânia;2011;25148;19,87
Aparecida de Goiânia;2012;26501;20,3
Aparecida de Goiânia;2013;28911;20,3
Aparecida de Goiânia;2014;30669;21,8
Aparecida de Goiânia;2015;33813;22,8
Aparecida de Goiânia;2016;37471;24,7
Aparecida de Goiânia;2017;50350;32,3
Aparecida de Goiânia;2018;58144;36,2
Aparecida do Rio Doce;2007;538;72,32
Aparecida do Rio Doce;2008;660;11,1
Aparecida do Rio Doce;2009;779;93,6
Aparecida do Rio Doce;2010;801;100
Aparecida do Rio Doce;2011;832;100
Aparecida do Rio Doce;2012;864;100
Aparecida do Rio Doce;2013;876;100
Aparecida do Rio Doce;2014;889;100
Aparecida do Rio Doce;2015;980;100
Aparecida do Rio Doce;2016;1125;100
Aparecida do Rio Doce;2017;1135;100
Aparecida do Rio Doce;2018;1149;100
Aragoiânia;2018;1;
Araguapaz;2005;1138;67,78
Araguapaz;2006;1139;61,51
Araguapaz;2007;1142;59,73
Araguapaz;2008;1220;61,88
Araguapaz;2009;1236;62,4
Araguapaz;2010;1263;65,9
Araguapaz;2011;1328;67,49
Araguapaz;2012;1364;68,7
Araguapaz;2013;1385;66,97
Araguapaz;2014;1414;69
Araguapaz;2015;1433;69,8
Araguapaz;2016;1445;70,2
Araguapaz;2017;1483;71,8
Araguapaz;2018;1505;72,6
Aruanã;2013;562;23,05
Aruanã;2014;931;37,5
Aruanã;2015;1109;43,1
Aruanã;2016;1254;48,2
Aruanã;2017;1280;48,2
Aruanã;2018;1390;50,9
Avelinópolis;2016;1;0,1
Avelinópolis;2017;1;0,1
Avelinópolis;2018;1;0,1
Barro Alto;2018;1;
Bela Vista de Goiás;2005;2001;42,53
Bela Vista de Goiás;2006;2390;49,54
Bela Vista de Goiás;2007;2471;46
Bela Vista de Goiás;2008;2571;47,95
Bela Vista de Goiás;2009;2906;50,4
Bela Vista de Goiás;2010;3062;45,4
Bela Vista de Goiás;2011;3261;48,02
Bela Vista de Goiás;2012;3426;52,3
Bela Vista de Goiás;2013;3654;50,09
Bela Vista de Goiás;2014;4159;57
Bela Vista de Goiás;2015;4417;59,2
Bela Vista de Goiás;2016;4696;61,2
Bela Vista de Goiás;2017;4889;62,8
Bela Vista de Goiás;2018;5245;66,3
Bom Jesus de Goiás;2007;831;12,63
Bom Jesus de Goiás;2008;962;14,48
Bom Jesus de Goiás;2009;1059;14,7
Bom Jesus de Goiás;2010;1489;21,2
Bom Jesus de Goiás;2011;2844;41,76
Bom Jesus de Goiás;2012;4223;62,6
Bom Jesus de Goiás;2013;6142;81,99
Bom Jesus de Goiás;2014;6636;89,3
Bom Jesus de Goiás;2015;7480;99,3
Bom Jesus de Goiás;2016;8083;100
Bom Jesus de Goiás;2017;8234;100
Bom Jesus de Goiás;2018;8312;100
Bonfinópolis;2011;1;
Britânia;2005;340;20,27
Britânia;2006;338;20,13
Britânia;2007;337;23,21
Britânia;2008;339;22,9
Britânia;2009;340;22,9
Britânia;2010;339;20,5
Britânia;2011;442;25,37
Britânia;2012;457;26
Britânia;2013;1309;69,98
Britânia;2014;1660;93,3
Britânia;2015;1680;93,8
Britânia;2016;1702;94,9
Britânia;2017;1790;99,4
Britânia;2018;1830;100
Buriti Alegre;2005;475;14,27
Buriti Alegre;2006;477;14,27
Buriti Alegre;2007;488;15,72
Buriti Alegre;2008;502;21,75
Buriti Alegre;2009;521;21,4
Buriti Alegre;2010;542;15,1
Buriti Alegre;2011;564;15,68
Buriti Alegre;2012;577;16,7
Buriti Alegre;2013;601;16
Buriti Alegre;2014;616;16,2
Buriti Alegre;2015;623;16,2
Buriti Alegre;2016;627;16,3
Buriti Alegre;2017;632;16,3
Buriti Alegre;2018;648;16,6
Cachoeira Dourada;2006;46;2,06
Cachoeira Dourada;2007;1224;66,59
Cachoeira Dourada;2008;1253;68,88
Cachoeira Dourada;2009;1286;70,7
Cachoeira Dourada;2010;1324;67,5
Cachoeira Dourada;2011;1384;68,29
Cachoeira Dourada;2012;1408;70,5
Cachoeira Dourada;2013;1442;69,48
Cachoeira Dourada;2014;1480;72,3
Cachoeira Dourada;2015;1565;77
Cachoeira Dourada;2016;1627;79,8
Cachoeira Dourada;2017;1680;82,5
Cachoeira Dourada;2018;1709;83,8
Caçu;2010;1630;43,9
Caçu;2011;3587;89,81
Caçu;2012;3660;90,7
Caçu;2013;3761;87,72
Caçu;2014;4098;95,8
Caçu;2015;4203;96,6
Caçu;2016;4404;99,6
Caçu;2017;4570;100
Caçu;2018;4778;100
Caiapônia;2005;2632;52,19
Caiapônia;2006;2697;52,93
Caiapônia;2007;2735;65,06
Caiapônia;2008;2864;65,37
Caiapônia;2009;2927;66,4
Caiapônia;2010;2960;62,4
Caiapônia;2011;3128;63,4
Caiapônia;2012;3154;72
Caiapônia;2013;3184;64,7
Caiapônia;2014;4943;93,6
Caiapônia;2015;5147;93,6
Caiapônia;2016;5217;93,6
Caiapônia;2017;5332;93,6
Caiapônia;2018;5442;93,6
Campinaçu;2018;4;0,3
Campos Belos;2005;2830;50,98
Campos Belos;2006;2780;48,78
Campos Belos;2007;2855;57,64
Campos Belos;2008;2935;56,91
Campos Belos;2009;3040;58,5
Campos Belos;2010;3113;61,1
Campos Belos;2011;3375;64,18
Campos Belos;2012;3522;66,6
Campos Belos;2013;3718;66,91
Campos Belos;2014;4140;75,2
Campos Belos;2015;5367;97,5
Campos Belos;2016;5410;97,6
Campos Belos;2017;5498;93,9
Campos Belos;2018;5574;94,6
Cavalcante;2015;1;
Ceres;2005;260;3,73
Ceres;2006;950;12,88
Ceres;2007;2372;37,14
Ceres;2008;2490;40,24
Ceres;2009;2678;40,8
Ceres;2010;2801;39,5
Ceres;2011;3269;44,92
Ceres;2012;4346;59,9
Ceres;2013;5445;71,98
Ceres;2014;6214;82,3
Ceres;2015;6610;87
Ceres;2016;7012;91,4
Ceres;2017;7161;93
Ceres;2018;7529;96,9
Cidade Ocidental;2005;6346;44,31
Cidade Ocidental;2006;6375;42,16
Cidade Ocidental;2007;6550;47,48
Cidade Ocidental;2008;6858;47,01
Cidade Ocidental;2009;7703;52,8
Cidade Ocidental;2010;7894;63
Cidade Ocidental;2011;8269;62,22
Cidade Ocidental;2012;8276;62,7
Cidade Ocidental;2013;8411;57,82
Cidade Ocidental;2014;8554;58,1
Cidade Ocidental;2015;9433;62,7
Cidade Ocidental;2016;9590;62,4
Cidade Ocidental;2017;9762;63,1
Cidade Ocidental;2018;10027;63,1
Corumbaíba;2010;994;45,2
Corumbaíba;2011;1494;63,55
Corumbaíba;2012;2232;94
Corumbaíba;2013;2312;91,92
Corumbaíba;2014;2512;94,4
Corumbaíba;2015;2613;94,4
Corumbaíba;2016;2698;94,7
Corumbaíba;2017;2727;94,7
Corumbaíba;2018;2800;94,7
Cristalina;2009;2477;26,2
Cristalina;2010;2840;24,5
Cristalina;2011;3210;26,44
Cristalina;2012;3299;26,7
Cristalina;2013;3550;26,82
Cristalina;2014;3615;26,6
Cristalina;2015;3706;26,6
Cristalina;2016;3838;27,5
Cristalina;2017;4006;28,1
Cristalina;2018;4897;34
Cumari;2011;1;
Damianópolis;2015;1;0,1
Damianópolis;2016;5;0,7
Damianópolis;2017;3;0,4
Damianópolis;2018;1;0,1
Davinópolis;2015;1;0,1
Edéia;2011;1;0,03
Edéia;2012;1515;43,1
Edéia;2013;3772;100
Edéia;2014;3848;100
Edéia;2015;4061;100
Edéia;2016;4267;100
Edéia;2017;4388;100
Edéia;2018;4439;100
Formosa;2008;7755;31,33
Formosa;2009;9468;38
Formosa;2010;10747;38,7
Formosa;2011;12161;41,76
Formosa;2012;12863;43,5
Formosa;2013;14851;47,11
Formosa;2014;17313;52,6
Formosa;2015;19290;57,5
Formosa;2016;26882;81,9
Formosa;2017;27420;82,1
Formosa;2018;32585;95,6
Goianápolis;2009;1;
Goianésia;2005;5840;39,8
Goianésia;2006;6461;43,57
Goianésia;2007;6861;39,14
Goianésia;2008;7450;41,99
Goianésia;2009;9089;49,9
Goianésia;2010;9973;53,6
Goianésia;2011;10941;58,15
Goianésia;2012;11488;62
Goianésia;2013;14135;70,02
Goianésia;2014;15770;77,7
Goianésia;2015;17628;86,9
Goianésia;2016;18505;90,1
Goianésia;2017;19050;91,4
Goianésia;2018;19370;94,7
Goiânia;2005;215819;73,9
Goiânia;2006;225318;73,97
Goiânia;2007;238662;77,38
Goiânia;2008;252044;79,27
Goiânia;2009;265143;81,1
Goiânia;2010;276448;76,9
Goiânia;2011;289749;76,16
Goiânia;2012;309873;79,7
Goiânia;2013;326253;78,34
Goiânia;2014;353868;84,1
Goiânia;2015;381658;88,2
Goiânia;2016;401500;91,1
Goiânia;2017;416671;92,4
Goiânia;2018;427738;93,3
Goianira;2006;921;12,85
Goianira;2007;1255;16,11
Goianira;2008;1553;18,09
Goianira;2009;1566;18
Goianira;2010;1618;15
Goianira;2011;1713;14,88
Goianira;2012;2263;19,6
Goianira;2013;2367;19
Goianira;2014;4495;36,4
Goianira;2015;4920;38,7
Goianira;2016;5145;39,5
Goianira;2017;5235;39,2
Goianira;2018;5306;38,8
Goiás;2005;1151;14,46
Goiás;2006;1174;14,68
Goiás;2007;1390;20,72
Goiás;2008;1881;28,56
Goiás;2009;1967;29,4
Goiás;2010;2465;36
Goiás;2011;2869;42,49
Goiás;2012;3110;46,8
Goiás;2013;3336;47,98
Goiás;2014;3778;45,8
Goiás;2015;4003;48,5
Goiás;2016;4305;62,8
Goiás;2017;4804;70,3
Goiás;2018;5100;74,7
Goiatuba;2005;2001;22,21
Goiatuba;2006;2043;22,38
Goiatuba;2007;2083;19,97
Goiatuba;2008;2142;19,83
Goiatuba;2009;2207;20,2
Goiatuba;2010;2277;20,5
Goiatuba;2011;2396;21,17
Goiatuba;2012;2654;23,5
Goiatuba;2013;2749;23,31
Goiatuba;2014;3271;27,6
Goiatuba;2015;5000;42,8
Goiatuba;2016;5274;44,5
Goiatuba;2017;6038;50,6
Goiatuba;2018;6214;51,8
Guapó;2005;1829;47,08
Guapó;2006;1868;46,5
Guapó;2007;1904;48,31
Guapó;2008;1968;56,14
Guapó;2009;2323;57,1
Guapó;2010;2412;55,1
Guapó;2011;2518;63,75
Guapó;2012;2562;74,3
Guapó;2013;2619;64,15
Guapó;2014;2694;66,7
Guapó;2015;2772;68,4
Guapó;2016;2885;71,1
Guapó;2017;3224;79,5
Guapó;2018;3337;82,3
Hidrolina;2017;1;
Hidrolina;2018;2;0,1
Iaciara;2017;2;
Iaciara;2018;1;
Indiara;2017;1;
Inhumas;2005;3676;27,43
Inhumas;2006;4361;31,93
Inhumas;2007;4416;30,96
Inhumas;2008;4512;30,53
Inhumas;2009;4731;31,4
Inhumas;2010;4886;31,4
Inhumas;2011;6196;39,26
Inhumas;2012;7668;48,2
Inhumas;2013;10323;62,09
Inhumas;2014;11509;69,9
Inhumas;2015;12734;76,6
Inhumas;2016;13380;79,7
Inhumas;2017;13757;80,7
Inhumas;2018;13882;80,3
Ipameri;2015;1;
Iporá;2011;2703;22,1
Iporá;2012;2727;22
Iporá;2013;2771;21,51
Iporá;2014;2925;23,1
Iporá;2015;4084;32,9
Iporá;2016;4875;40,1
Iporá;2017;5139;42,5
Iporá;2018;5175;42,5
Israelândia;2016;1;0,1
Itaberaí;2005;161;2,47
Itaberaí;2006;161;2,16
Itaberaí;2007;161;2,03
Itaberaí;2008;155;1,87
Itaberaí;2009;156;1,8
Itaberaí;2010;1914;19,5
Itaberaí;2011;2790;27,25
Itaberaí;2012;4341;42
Itaberaí;2013;6259;57,08
Itaberaí;2014;7320;65,6
Itaberaí;2015;7520;66
Itaberaí;2016;7663;66
Itaberaí;2017;7758;65,6
Itaberaí;2018;7899;65,3
Itapuranga;2005;5662;82,74
Itapuranga;2006;5772;83,98
Itapuranga;2007;5968;85,75
Itapuranga;2008;6289;89,33
Itapuranga;2009;6430;91,2
Itapuranga;2010;6560;83,4
Itapuranga;2011;6807;84,23
Itapuranga;2012;6959;86,3
Itapuranga;2013;7491;89,67
Itapuranga;2014;7829;92,3
Itapuranga;2015;7997;94,3
Itapuranga;2016;8154;97,7
Itapuranga;2017;8559;100
Itapuranga;2018;8647;100
Itarumã;2017;1;
Itauçu;2007;1892;74,56
Itauçu;2008;1965;83,88
Itauçu;2009;2123;78
Itauçu;2010;2166;86
Itauçu;2011;2245;86,05
Itauçu;2012;2289;100
Itauçu;2013;2365;86,04
Itauçu;2014;2419;86
Itauçu;2015;2449;86
Itauçu;2016;2470;86
Itauçu;2017;2565;86
Itauçu;2018;2586;86
Itumbiara;2005;14637;65,84
Itumbiara;2006;15548;68,72
Itumbiara;2007;16409;59,97
Itumbiara;2008;17273;60,05
Itumbiara;2009;18451;63,4
Itumbiara;2010;19655;67,1
Itumbiara;2011;22360;73,74
Itumbiara;2012;24492;79,6
Itumbiara;2013;26513;81,13
Itumbiara;2014;31639;96,2
Itumbiara;2015;34018;100
Itumbiara;2016;35679;100
Itumbiara;2017;36926;100
Itumbiara;2018;38127;100
Jaraguá;2010;571;4,8
Jaraguá;2011;1705;14,36
Jaraguá;2012;1863;17,3
Jaraguá;2013;2970;23,42
Jaraguá;2014;3530;26,9
Jaraguá;2015;3852;29,7
Jaraguá;2016;4028;29,9
Jaraguá;2017;4269;31,1
Jaraguá;2018;4345;30,7
Jataí;2005;12931;57,51
Jataí;2006;13142;57,02
Jataí;2007;13612;54,15
Jataí;2008;14021;53,93
Jataí;2009;14614;55,7
Jataí;2010;14956;55,8
Jataí;2011;15780;56,98
Jataí;2012;17742;64,1
Jataí;2013;18806;64,21
Jataí;2014;20350;68,2
Jataí;2015;21073;70,2
Jataí;2016;24212;79,6
Jataí;2017;27415;89,4
Jataí;2018;27889;89,4
Joviânia;2006;53;2,2
Joviânia;2007;1386;62,32
Joviânia;2008;1992;88,38
Joviânia;2009;2026;89,8
Joviânia;2010;2073;91
Joviânia;2011;2227;94,44
Joviânia;2012;2231;94,2
Joviânia;2013;2297;92,82
Joviânia;2014;2351;95,5
Joviânia;2015;2487;100
Joviânia;2016;2527;100
Joviânia;2017;2646;100
Joviânia;2018;2719;100
Jussara;2006;96;1,68
Jussara;2007;4559;85,51
Jussara;2008;4623;85,76
Jussara;2009;4662;85,5
Jussara;2010;4722;88,5
Jussara;2011;4787;87,49
Jussara;2012;4842;88,6
Jussara;2013;4918;86,73
Jussara;2014;4984;81,9
Jussara;2015;5129;84,3
Jussara;2016;5384;95
Jussara;2017;5432;96
Jussara;2018;5611;98,1
Lagoa Santa;2009;239;63,6
Lagoa Santa;2010;246;76,6
Lagoa Santa;2011;271;81,67
Lagoa Santa;2012;306;81,9
Lagoa Santa;2013;310;77,98
Lagoa Santa;2014;327;82
Lagoa Santa;2015;430;100
Lagoa Santa;2016;628;100
Lagoa Santa;2017;649;100
Lagoa Santa;2018;666;100
Luziânia;2005;3611;8,32
Luziânia;2006;3801;8,04
Luziânia;2007;4111;8,99
Luziânia;2008;4344;9,08
Luziânia;2009;5053;10,2
Luziânia;2010;5340;12
Luziânia;2011;5727;12,21
Luziânia;2012;6046;12,6
Luziânia;2013;8340;16,29
Luziânia;2014;8966;18,4
Luziânia;2015;9246;18,5
Luziânia;2016;9539;18
Luziânia;2017;9918;18,3
Luziânia;2018;11243;19,9
Mara Rosa;2005;1692;60,39
Mara Rosa;2006;1770;63,33
Mara Rosa;2007;1794;64,53
Mara Rosa;2008;1823;65,84
Mara Rosa;2009;1860;67,2
Mara Rosa;2010;1889;65,1
Mara Rosa;2011;1934;65,82
Mara Rosa;2012;1961;66,9
Mara Rosa;2013;2012;67,38
Mara Rosa;2014;2071;69,6
Mara Rosa;2015;2116;71,7
Mara Rosa;2016;2272;78,6
Mara Rosa;2017;2309;80,2
Mara Rosa;2018;2323;80,3
Mimoso de Goiás;2012;490;100
Mimoso de Goiás;2013;493;100
Mimoso de Goiás;2014;504;100
Mimoso de Goiás;2015;510;100
Mimoso de Goiás;2016;512;100
Mimoso de Goiás;2017;515;100
Mimoso de Goiás;2018;529;100
Minaçu;2005;113;
Minaçu;2007;2;
Minaçu;2015;284;
Minaçu;2016;4915;54,1
Minaçu;2017;5341;59,1
Minaçu;2018;5488;60,9
Monte Alegre de Goiás;2016;1;0,1
Monte Alegre de Goiás;2017;1;
Montes Claros de Goiás;2014;129;5,2
Montes Claros de Goiás;2015;707;28,2
Montes Claros de Goiás;2016;706;33,6
Montes Claros de Goiás;2017;981;47,4
Montes Claros de Goiás;2018;1271;60
Montividiu;2011;1519;52,22
Montividiu;2012;1557;52,4
Montividiu;2013;1604;50
Montividiu;2014;1643;51,1
Montividiu;2015;1861;56,3
Montividiu;2016;1895;56,4
Montividiu;2017;1935;56,2
Montividiu;2018;2024;57,5
Morrinhos;2005;5632;41,47
Morrinhos;2006;5744;41,24
Morrinhos;2007;6288;50,37
Morrinhos;2008;6393;50,24
Morrinhos;2009;6901;52,7
Morrinhos;2010;7070;52,1
Morrinhos;2011;7329;52,53
Morrinhos;2012;8508;61,7
Morrinhos;2013;9727;65,98
Morrinhos;2014;10650;72,5
Morrinhos;2015;11631;78
Morrinhos;2016;12243;81,5
Morrinhos;2017;12534;82,5
Morrinhos;2018;12831;83,8
Niquelândia;2005;26;0,23
Niquelândia;2006;24;0,18
Niquelândia;2007;24;0,15
Niquelândia;2008;22;0,14
Niquelândia;2009;22;0,1
Niquelândia;2010;21;0,1
Niquelândia;2011;21;0,09
Niquelândia;2012;1247;10,9
Niquelândia;2013;2898;23,69
Niquelândia;2014;3677;26,8
Niquelândia;2015;3719;26,9
Niquelândia;2016;4146;34,7
Niquelândia;2017;5120;41
Niquelândia;2018;5656;44,2
Novo Gama;2005;2754;14,17
Novo Gama;2006;2844;13,63
Novo Gama;2007;2893;14,76
Novo Gama;2008;2948;14,84
Novo Gama;2009;3018;14,8
Novo Gama;2010;3062;13,7
Novo Gama;2011;4388;19,05
Novo Gama;2012;5383;22,6
Novo Gama;2013;5465;20,9
Novo Gama;2014;5539;21,3
Novo Gama;2015;5880;22,3
Novo Gama;2016;5970;22,2
Novo Gama;2017;6066;22
Novo Gama;2018;9853;33,5
Novo Planalto;2014;1;
Padre Bernardo;2009;1587;30,8
Padre Bernardo;2010;1598;46,9
Padre Bernardo;2011;2399;68,3
Padre Bernardo;2012;2820;79,2
Padre Bernardo;2013;3122;82,01
Padre Bernardo;2014;4099;100
Padre Bernardo;2015;4178;100
Padre Bernardo;2016;4743;100
Padre Bernardo;2017;4832;100
Padre Bernardo;2018;4845;100
Palmeiras de Goiás;2005;3432;80,46
Palmeiras de Goiás;2006;3870;90,9
Palmeiras de Goiás;2007;4537;78,05
Palmeiras de Goiás;2008;4824;78,47
Palmeiras de Goiás;2009;5111;82,1
Palmeiras de Goiás;2010;5370;79,7
Palmeiras de Goiás;2011;5814;82,14
Palmeiras de Goiás;2012;6071;84,9
Palmeiras de Goiás;2013;6380;83,73
Palmeiras de Goiás;2014;6772;89
Palmeiras de Goiás;2015;7393;94,4
Palmeiras de Goiás;2016;9036;100
Palmeiras de Goiás;2017;9612;100
Palmeiras de Goiás;2018;10517;100
Paraúna;2005;2195;72,87
Paraúna;2006;2224;73,66
Paraúna;2007;2286;82,16
Paraúna;2008;2371;82,2
Paraúna;2009;2409;83
Paraúna;2010;2433;84,7
Paraúna;2011;2531;86,69
Paraúna;2012;3159;100
Paraúna;2013;3339;100
Paraúna;2014;3566;100
Paraúna;2015;3692;100
Paraúna;2016;3809;100
Paraúna;2017;3925;100
Paraúna;2018;4016;100
Perolândia;2015;1;
Perolândia;2018;1;0,1
Pilar de Goiás;2005;402;92,25
Pilar de Goiás;2006;409;93,13
Pilar de Goiás;2007;417;100
Pilar de Goiás;2008;429;100
Pilar de Goiás;2009;439;100
Pilar de Goiás;2010;442;99,4
Pilar de Goiás;2011;467;100
Pilar de Goiás;2012;494;100
Pilar de Goiás;2013;514;100
Pilar de Goiás;2014;539;100
Pilar de Goiás;2015;548;100
Pilar de Goiás;2016;555;100
Pilar de Goiás;2017;567;100
Pilar de Goiás;2018;577;100
Piracanjuba;2000;4556;
Piracanjuba;2001;4887;
Piracanjuba;2002;5120;
Piracanjuba;2003;5585;
Piracanjuba;2004;5690;
Piracanjuba;2005;5672;96,25
Piracanjuba;2006;5776;96,38
Piracanjuba;2007;6207;99,49
Piracanjuba;2008;6427;100
Piracanjuba;2009;1474;22,6
Piracanjuba;2009;6676;97,3
Piracanjuba;2010;3528;50,2
Piracanjuba;2010;6981;98,5
Piracanjuba;2011;5349;78,96
Piracanjuba;2011;7220;98,88
Piracanjuba;2012;5947;93,8
Piracanjuba;2012;7529;99,25
Piracanjuba;2013;6699;94,13
Piracanjuba;2013;7821;99,24
Piracanjuba;2014;7234;94,1
Piracanjuba;2014;8144;99,4
Piracanjuba;2015;7449;94,1
Piracanjuba;2015;8385;99,5
Piracanjuba;2016;7740;94,1
Piracanjuba;2016;8644;99,8
Piracanjuba;2017;7972;94,1
Piracanjuba;2017;8886;99,9
Piracanjuba;2018;8096;94,1
Piracanjuba;2018;9040;99,9
Piranhas;2000;3171;
Piranhas;2001;3206;
Piranhas;2002;3260;
Piranhas;2003;3325;
Piranhas;2004;3345;
Piranhas;2005;3374;99,89
Piranhas;2006;3428;90,72
Piranhas;2007;3533;100
Piranhas;2008;3642;100
Piranhas;2009;3687;100
Piranhas;2010;3768;100
Piranhas;2011;3895;100
Piranhas;2012;3964;100
Piranhas;2013;4055;100
Piranhas;2014;4175;100
Piranhas;2015;4271;100
Piranhas;2016;4351;100
Piranhas;2017;4418;100
Piranhas;2018;4473;100
Pirenópolis;2000;4156;
Pirenópolis;2001;4369;
Pirenópolis;2002;4763;
Pirenópolis;2003;4988;
Pirenópolis;2004;5150;
Pirenópolis;2005;5275;96,22
Pirenópolis;2006;5444;88,62
Pirenópolis;2007;5937;94,18
Pirenópolis;2008;6184;94,64
Pirenópolis;2009;6436;95
Pirenópolis;2010;6670;96,2
Pirenópolis;2011;6977;98,98
Pirenópolis;2012;7258;99,42
Pirenópolis;2013;7520;99,28
Pirenópolis;2014;7736;100
Pirenópolis;2015;7948;100
Pirenópolis;2016;8131;99,3
Pirenópolis;2017;8450;99,3
Pirenópolis;2018;8645;99,2
Pires do Rio;2000;8250;
Pires do Rio;2001;8481;
Pires do Rio;2002;8708;
Pires do Rio;2003;8877;
Pires do Rio;2004;9080;
Pires do Rio;2005;2339;22,77
Pires do Rio;2005;9237;93,28
Pires do Rio;2006;2366;22,68
Pires do Rio;2006;9447;94,14
Pires do Rio;2007;2459;26,48
Pires do Rio;2007;9815;100
Pires do Rio;2008;2603;26,93
Pires do Rio;2008;10116;100
Pires do Rio;2009;2664;27,5
Pires do Rio;2009;10376;100
Pires do Rio;2010;2756;28,2
Pires do Rio;2010;10702;100
Pires do Rio;2011;2837;27,91
Pires do Rio;2011;11004;100
Pires do Rio;2012;2913;28,5
Pires do Rio;2012;11438;100
Pires do Rio;2013;3405;32,11
Pires do Rio;2013;11838;100
Pires do Rio;2014;3726;35,3
Pires do Rio;2014;12225;100
Pires do Rio;2015;4009;37,6
Pires do Rio;2015;12493;100
Pires do Rio;2016;4110;38,1
Pires do Rio;2016;12732;100
Pires do Rio;2017;4206;38,6
Pires do Rio;2017;12981;100
Pires do Rio;2018;4270;38,8
Pires do Rio;2018;13248;100
Planaltina;2000;12026;
Planaltina;2001;12665;
Planaltina;2002;13063;
Planaltina;2003;14400;
Planaltina;2004;15010;
Planaltina;2005;15350;69,87
Planaltina;2006;2699;11,7
Planaltina;2006;15748;67,13
Planaltina;2007;2814;13,58
Planaltina;2007;16887;81,42
Planaltina;2008;3240;16,01
Planaltina;2008;17883;84,23
Planaltina;2009;3384;15,8
Planaltina;2009;18919;88,8
Planaltina;2010;4658;21,6
Planaltina;2010;20373;93,2
Planaltina;2011;5474;25,8
Planaltina;2011;22521;99,9
Planaltina;2012;6240;29,3
Planaltina;2012;25118;100
Planaltina;2013;6590;28,96
Planaltina;2013;27194;100
Planaltina;2014;6790;28,6
Planaltina;2014;29267;100
Planaltina;2015;8856;36,2
Planaltina;2015;31075;100
Planaltina;2016;14121;60,4
Planaltina;2016;33236;100
Planaltina;2017;15484;65,3
Planaltina;2017;34735;100
Planaltina;2018;16170;67,2
Planaltina;2018;36005;100
Pontalina;2000;4145;
Pontalina;2001;4260;
Pontalina;2002;4352;
Pontalina;2003;4550;
Pontalina;2004;4619;
Pontalina;2005;2148;43,86
Pontalina;2005;4619;92,97
Pontalina;2006;2136;43,22
Pontalina;2006;4644;92,96
Pontalina;2007;2176;43,51
Pontalina;2007;4817;94,92
Pontalina;2008;2218;43,43
Pontalina;2008;4952;95,77
Pontalina;2009;2268;44,2
Pontalina;2009;5083;97,9
Pontalina;2010;2332;43,9
Pontalina;2010;5247;97,7
Pontalina;2011;2727;49,24
Pontalina;2011;5406;98,17
Pontalina;2012;2806;50,5
Pontalina;2012;5574;100
Pontalina;2013;4618;79,88
Pontalina;2013;5870;100
Pontalina;2014;5611;98,9
Pontalina;2014;6222;100
Pontalina;2015;5786;100
Pontalina;2015;6379;100
Pontalina;2016;5898;100
Pontalina;2016;6561;100
Pontalina;2017;6040;100
Pontalina;2017;6700;100
Pontalina;2018;6221;100
Pontalina;2018;6910;100
Porangatu;2000;8374;
Porangatu;2001;8764;
Porangatu;2002;9224;
Porangatu;2003;9673;
Porangatu;2004;9706;
Porangatu;2005;9932;94,68
Porangatu;2006;10194;95,44
Porangatu;2007;10683;94,78
Porangatu;2008;11162;96,1
Porangatu;2009;11570;99,4
Porangatu;2010;12207;98,7
Porangatu;2011;12815;99,77
Porangatu;2012;13331;99,78
Porangatu;2013;13762;99,77
Porangatu;2014;14167;99,7
Porangatu;2015;14709;99,7
Porangatu;2016;15144;99,7
Porangatu;2017;15531;99,7
Porangatu;2018;1396;10,8
Porangatu;2018;15935;99,7
Porteirão;2000;681;
Porteirão;2001;692;
Porteirão;2002;743;
Porteirão;2003;728;
Porteirão;2004;720;
Porteirão;2005;716;82,42
Porteirão;2006;753;84,54
Porteirão;2007;833;88,44
Porteirão;2008;916;94,03
Porteirão;2009;971;99,6
Porteirão;2010;1032;100
Porteirão;2011;1074;100
Porteirão;2012;1205;100
Porteirão;2013;1260;100
Porteirão;2014;1307;100
Porteirão;2015;1376;100
Porteirão;2016;1480;100
Porteirão;2017;1537;100
Porteirão;2018;1526;100
Portelândia;2000;780;
Portelândia;2001;857;
Portelândia;2002;867;
Portelândia;2003;891;
Portelândia;2004;899;
Portelândia;2005;891;72,65
Portelândia;2006;889;69,45
Portelândia;2007;918;95,17
Portelândia;2008;962;100
Portelândia;2009;1008;100
Portelândia;2010;1042;92,6
Portelândia;2011;1073;92,69
Portelândia;2012;1116;96,5
Portelândia;2013;1159;96,1
Portelândia;2014;1202;100
Portelândia;2015;1325;100
Portelândia;2016;1351;100
Portelândia;2017;1369;100
Portelândia;2018;1396;100
Posse;2000;4878;
Posse;2001;5022;
Posse;2002;5172;
Posse;2003;5316;
Posse;2004;5563;
Posse;2005;5701;97,99
Posse;2006;3516;59,97
Posse;2006;5935;100
Posse;2007;3573;58,87
Posse;2007;6233;100
Posse;2008;3707;56,88
Posse;2008;6522;99,24
Posse;2009;4011;60,8
Posse;2009;6928;100
Posse;2010;4197;60,1
Posse;2010;7390;100
Posse;2011;4368;59,33
Posse;2011;7954;100
Posse;2012;4468;60,1
Posse;2012;8479;100
Posse;2013;6612;84,42
Posse;2013;8938;100
Posse;2014;7293;92,7
Posse;2014;9391;100
Posse;2015;7424;92,9
Posse;2015;9724;100
Posse;2016;7887;97,3
Posse;2016;10319;100
Posse;2017;8038;97,9
Posse;2017;10538;100
Posse;2018;8164;97,9
Posse;2018;10805;100
Professor Jamil;2000;757;
Professor Jamil;2001;784;
Professor Jamil;2002;798;
Professor Jamil;2003;821;
Professor Jamil;2004;836;
Professor Jamil;2005;842;95,01
Professor Jamil;2006;869;96,49
Professor Jamil;2007;903;100
Professor Jamil;2008;921;100
Professor Jamil;2009;938;100
Professor Jamil;2010;952;100
Professor Jamil;2011;965;100
Professor Jamil;2012;992;100
Professor Jamil;2013;1030;100
Professor Jamil;2014;1057;100
Professor Jamil;2015;1084;100
Professor Jamil;2016;1118;100
Professor Jamil;2017;1155;100
Professor Jamil;2018;1177;100
Quirinópolis;2000;8342;
Quirinópolis;2001;8671;
Quirinópolis;2002;8989;
Quirinópolis;2003;9135;
Quirinópolis;2004;9192;
Quirinópolis;2005;9206;91,54
Quirinópolis;2005;10008;100
Quirinópolis;2006;9451;93,16
Quirinópolis;2006;10209;100
Quirinópolis;2007;9907;84,32
Quirinópolis;2007;10483;90,5
Quirinópolis;2008;10325;84,78
Quirinópolis;2008;10777;89,98
Quirinópolis;2009;10869;88,9
Quirinópolis;2009;11262;93,5
Quirinópolis;2010;11476;86,1
Quirinópolis;2010;11623;88,5
Quirinópolis;2011;11955;87,36
Quirinópolis;2011;12013;85,99
Quirinópolis;2012;12574;91,4
Quirinópolis;2012;12828;88,8
Quirinópolis;2013;13209;90,53
Quirinópolis;2013;13541;91
Quirinópolis;2014;13679;93,6
Quirinópolis;2014;14123;94,8
Quirinópolis;2015;14636;98,7
Quirinópolis;2015;15012;99,6
Quirinópolis;2016;15410;100
Quirinópolis;2016;16030;100
Quirinópolis;2017;15754;100
Quirinópolis;2017;16275;100
Quirinópolis;2018;15817;98,6
Quirinópolis;2018;16533;100
Rialma;2004;2941;
Rialma;2005;2981;83,35
Rialma;2006;3135;86,45
Rialma;2007;3219;100
Rialma;2008;3336;100
Rialma;2009;3402;100
Rialma;2010;3466;100
Rialma;2011;3588;100
Rialma;2012;3791;100
Rialma;2013;3965;100
Rialma;2014;4108;100
Rialma;2015;4266;100
Rialma;2016;4420;100
Rialma;2017;4593;100
Rialma;2018;4765;100
Rianápolis;2000;1204;
Rianápolis;2001;1216;
Rianápolis;2002;1250;
Rianápolis;2003;1286;
Rianápolis;2004;1305;
Rianápolis;2005;1310;99,03
Rianápolis;2006;1337;90,02
Rianápolis;2007;1368;100
Rianápolis;2008;1423;100
Rianápolis;2009;1447;100
Rianápolis;2010;1493;100
Rianápolis;2011;1540;100
Rianápolis;2012;1633;100
Rianápolis;2013;1687;100
Rianápolis;2014;1771;100
Rianápolis;2015;1831;100
Rianápolis;2016;1866;100
Rianápolis;2017;1874;100
Rianápolis;2018;1874;100
Rio Verde;2000;24274;
Rio Verde;2001;25830;
Rio Verde;2002;27880;
Rio Verde;2003;28897;
Rio Verde;2004;31308;
Rio Verde;2005;19283;54,83
Rio Verde;2005;32873;91,98
Rio Verde;2006;20264;55,04
Rio Verde;2006;35303;94,52
Rio Verde;2007;20917;47,14
Rio Verde;2007;37963;84,08
Rio Verde;2008;21544;45,91
Rio Verde;2008;41447;85,12
Rio Verde;2009;22554;46,4
Rio Verde;2009;44868;90,5
Rio Verde;2010;23157;45
Rio Verde;2010;47637;90,4
Rio Verde;2011;24897;46,24
Rio Verde;2011;50715;92,23
Rio Verde;2012;25698;47,2
Rio Verde;2012;53855;96,14
Rio Verde;2013;26545;45,2
Rio Verde;2013;56604;94,45
Rio Verde;2014;28838;48
Rio Verde;2014;59730;97,3
Rio Verde;2015;30388;49,4
Rio Verde;2015;62188;99
Rio Verde;2016;33421;53,4
Rio Verde;2016;64015;100
Rio Verde;2017;37904;59,7
Rio Verde;2017;65919;100
Rio Verde;2018;40010;62,2
Rio Verde;2018;67403;100
Rubiataba;2000;4754;
Rubiataba;2001;4810;
Rubiataba;2002;4896;
Rubiataba;2003;4887;
Rubiataba;2004;5128;
Rubiataba;2005;5153;93,46
Rubiataba;2006;5397;89,59
Rubiataba;2007;5630;90,09
Rubiataba;2008;5858;91,07
Rubiataba;2009;6019;92,8
Rubiataba;2010;6259;92,9
Rubiataba;2011;598;10,61
Rubiataba;2011;6430;93,85
Rubiataba;2012;3857;71,2
Rubiataba;2012;6647;93,87
Rubiataba;2013;4417;70,63
Rubiataba;2013;6798;93,68
Rubiataba;2014;6287;95,8
Rubiataba;2014;6970;98,5
Rubiataba;2015;6408;98,3
Rubiataba;2015;7089;99,9
Rubiataba;2016;6564;90,2
Rubiataba;2016;7218;93,6
Rubiataba;2017;6719;90,2
Rubiataba;2017;7338;93,7
Rubiataba;2018;6762;90,2
Rubiataba;2018;7462;93,7
Sanclerlândia;2000;2165;
Sanclerlândia;2001;2215;
Sanclerlândia;2002;2295;
Sanclerlândia;2003;2345;
Sanclerlândia;2004;2508;
Sanclerlândia;2005;2513;88,83
Sanclerlândia;2006;2543;89,88
Sanclerlândia;2007;2636;95,07
Sanclerlândia;2008;2698;94,93
Sanclerlândia;2009;2770;94,8
Sanclerlândia;2010;2846;94,9
Sanclerlândia;2011;2912;95,56
Sanclerlândia;2012;2983;95,49
Sanclerlândia;2013;3072;95,2
Sanclerlândia;2014;3141;95,1
Sanclerlândia;2015;3208;95,3
Sanclerlândia;2016;3295;95,3
Sanclerlândia;2016;;12,1
Sanclerlândia;2017;1820;73,6
Sanclerlândia;2017;3361;95,5
Sanclerlândia;2018;1871;75,2
Sanclerlândia;2018;3473;95,6
Santa Bárbara de Goiás;2000;1277;
Santa Bárbara de Goiás;2001;1304;
Santa Bárbara de Goiás;2002;1334;
Santa Bárbara de Goiás;2003;1413;
Santa Bárbara de Goiás;2004;1437;
Santa Bárbara de Goiás;2005;1558;95,14
Santa Bárbara de Goiás;2006;1572;93,6
Santa Bárbara de Goiás;2007;1606;96,88
Santa Bárbara de Goiás;2008;1668;95,76
Santa Bárbara de Goiás;2009;1705;96,7
Santa Bárbara de Goiás;2010;1776;100
Santa Bárbara de Goiás;2011;1840;99,4
Santa Bárbara de Goiás;2012;1906;100
Santa Bárbara de Goiás;2013;1986;100
Santa Bárbara de Goiás;2014;2082;100
Santa Bárbara de Goiás;2015;2160;100
Santa Bárbara de Goiás;2016;2210;100
Santa Bárbara de Goiás;2017;2244;100
Santa Bárbara de Goiás;2018;2271;100
Santa Cruz de Goiás;2000;550;
Santa Cruz de Goiás;2001;575;
Santa Cruz de Goiás;2002;580;
Santa Cruz de Goiás;2003;581;
Santa Cruz de Goiás;2004;600;
Santa Cruz de Goiás;2005;593;77,59
Santa Cruz de Goiás;2006;602;76,73
Santa Cruz de Goiás;2007;620;82,83
Santa Cruz de Goiás;2008;633;82,84
Santa Cruz de Goiás;2009;644;83,3
Santa Cruz de Goiás;2010;642;83,2
Santa Cruz de Goiás;2011;651;99,08
Santa Cruz de Goiás;2012;663;100
Santa Cruz de Goiás;2013;679;100
Santa Cruz de Goiás;2014;713;100
Santa Cruz de Goiás;2015;717;100
Santa Cruz de Goiás;2016;724;100
Santa Cruz de Goiás;2017;733;100
Santa Cruz de Goiás;2018;742;100
Santa Fé de Goiás;2000;979;
Santa Fé de Goiás;2001;1030;
Santa Fé de Goiás;2002;1068;
Santa Fé de Goiás;2003;1109;
Santa Fé de Goiás;2004;1146;
Santa Fé de Goiás;2005;1213;84,18
Santa Fé de Goiás;2006;1260;83,91
Santa Fé de Goiás;2007;1313;100
Santa Fé de Goiás;2008;1359;100
Santa Fé de Goiás;2009;1382;100
Santa Fé de Goiás;2010;1399;100
Santa Fé de Goiás;2011;1412;100
Santa Fé de Goiás;2012;1434;100
Santa Fé de Goiás;2013;1508;100
Santa Fé de Goiás;2014;1630;100
Santa Fé de Goiás;2015;1709;100
Santa Fé de Goiás;2016;1756;100
Santa Fé de Goiás;2017;1794;100
Santa Fé de Goiás;2018;1806;100
Santa Helena de Goiás;2000;8094;
Santa Helena de Goiás;2001;8347;
Santa Helena de Goiás;2002;8597;
Santa Helena de Goiás;2003;8822;
Santa Helena de Goiás;2004;9193;
Santa Helena de Goiás;2005;9301;94,03
Santa Helena de Goiás;2006;9459;93,93
Santa Helena de Goiás;2007;10020;90,54
Santa Helena de Goiás;2008;10377;90,96
Santa Helena de Goiás;2009;5326;45,4
Santa Helena de Goiás;2009;10699;93,3
Santa Helena de Goiás;2010;8216;68,4
Santa Helena de Goiás;2010;11106;92
Santa Helena de Goiás;2011;11202;91,47
Santa Helena de Goiás;2011;11582;92,5
Santa Helena de Goiás;2012;11697;95,1
Santa Helena de Goiás;2012;12103;96,3
Santa Helena de Goiás;2013;12030;93,36
Santa Helena de Goiás;2013;12548;95,5
Santa Helena de Goiás;2014;12767;98,9
Santa Helena de Goiás;2014;13013;99,9
Santa Helena de Goiás;2015;13102;100
Santa Helena de Goiás;2015;13368;100
Santa Helena de Goiás;2016;13534;100
Santa Helena de Goiás;2016;13841;100
Santa Helena de Goiás;2017;13858;100
Santa Helena de Goiás;2017;14189;100
Santa Helena de Goiás;2018;14161;100
Santa Helena de Goiás;2018;14508;100
Santa Isabel;2000;462;
Santa Isabel;2001;469;
Santa Isabel;2002;470;
Santa Isabel;2003;471;
Santa Isabel;2004;499;
Santa Isabel;2005;541;94,16
Santa Isabel;2006;538;93,55
Santa Isabel;2007;550;100
Santa Isabel;2008;935;100
Santa Isabel;2009;1000;96,9
Santa Isabel;2010;1027;97,6
Santa Isabel;2011;1043;100
Santa Isabel;2012;1060;100
Santa Isabel;2013;1078;100
Santa Isabel;2014;1131;100
Santa Isabel;2015;1160;100
Santa Isabel;2016;1178;100
Santa Isabel;2017;1202;100
Santa Isabel;2018;1241;100
Santa Rita do Araguaia;2000;1594;
Santa Rita do Araguaia;2001;1674;
Santa Rita do Araguaia;2002;1739;
Santa Rita do Araguaia;2003;1753;
Santa Rita do Araguaia;2004;1819;
Santa Rita do Araguaia;2005;1848;92,94
Santa Rita do Araguaia;2006;1918;96,72
Santa Rita do Araguaia;2007;2027;100
Santa Rita do Araguaia;2008;2298;100
Santa Rita do Araguaia;2009;2561;100
Santa Rita do Araguaia;2010;2647;100
Santa Rita do Araguaia;2011;2765;100
Santa Rita do Araguaia;2012;2870;100
Santa Rita do Araguaia;2013;2928;100
Santa Rita do Araguaia;2014;2992;100
Santa Rita do Araguaia;2015;3100;100
Santa Rita do Araguaia;2016;3156;100
Santa Rita do Araguaia;2017;3177;100
Santa Rita do Araguaia;2018;3186;100
Santa Rosa de Goiás;2000;688;
Santa Rosa de Goiás;2001;702;
Santa Rosa de Goiás;2002;712;
Santa Rosa de Goiás;2003;722;
Santa Rosa de Goiás;2004;785;
Santa Rosa de Goiás;2005;775;92,48
Santa Rosa de Goiás;2006;778;92,68
Santa Rosa de Goiás;2007;788;99,62
Santa Rosa de Goiás;2008;802;100
Santa Rosa de Goiás;2009;812;100
Santa Rosa de Goiás;2010;815;100
Santa Rosa de Goiás;2011;831;100
Santa Rosa de Goiás;2012;848;100
Santa Rosa de Goiás;2013;869;100
Santa Rosa de Goiás;2014;891;100
Santa Rosa de Goiás;2015;957;100
Santa Rosa de Goiás;2016;974;100
Santa Rosa de Goiás;2017;995;100
Santa Rosa de Goiás;2018;1031;100
Santa Tereza de Goiás;2000;1263;
Santa Tereza de Goiás;2001;1267;
Santa Tereza de Goiás;2002;1301;
Santa Tereza de Goiás;2003;1309;
Santa Tereza de Goiás;2004;1300;
Santa Tereza de Goiás;2005;1276;91,31
Santa Tereza de Goiás;2006;1276;91,44
Santa Tereza de Goiás;2007;1300;98,79
Santa Tereza de Goiás;2008;1335;100
Santa Tereza de Goiás;2009;1352;100
Santa Tereza de Goiás;2010;1372;100
Santa Tereza de Goiás;2011;1391;100
Santa Tereza de Goiás;2012;1409;100
Santa Tereza de Goiás;2013;1420;100
Santa Tereza de Goiás;2014;1422;100
Santa Tereza de Goiás;2015;1421;100
Santa Tereza de Goiás;2016;1468;100
Santa Tereza de Goiás;2017;1505;100
Santa Tereza de Goiás;2018;1519;100
Santa Terezinha de Goiás;2000;1878;
Santa Terezinha de Goiás;2001;1931;
Santa Terezinha de Goiás;2002;1945;
Santa Terezinha de Goiás;2003;1978;
Santa Terezinha de Goiás;2004;1942;
Santa Terezinha de Goiás;2005;1888;71,94
Santa Terezinha de Goiás;2006;1812;68,46
Santa Terezinha de Goiás;2007;1805;62,48
Santa Terezinha de Goiás;2008;1825;62,08
Santa Terezinha de Goiás;2009;1861;62,9
Santa Terezinha de Goiás;2010;1938;69,5
Santa Terezinha de Goiás;2011;2001;71,18
Santa Terezinha de Goiás;2012;2057;73,8
Santa Terezinha de Goiás;2013;2131;74,9
Santa Terezinha de Goiás;2014;2193;78,4
Santa Terezinha de Goiás;2015;2235;80,8
Santa Terezinha de Goiás;2016;2259;82,7
Santa Terezinha de Goiás;2017;2299;85,3
Santa Terezinha de Goiás;2018;2303;85
Santo Antônio da Barra;2000;760;
Santo Antônio da Barra;2001;805;
Santo Antônio da Barra;2002;859;
Santo Antônio da Barra;2003;878;
Santo Antônio da Barra;2004;869;
Santo Antônio da Barra;2005;861;90,91
Santo Antônio da Barra;2006;878;92,22
Santo Antônio da Barra;2007;917;81,29
Santo Antônio da Barra;2008;962;83,31
Santo Antônio da Barra;2009;1009;86,5
Santo Antônio da Barra;2010;1054;94,2
Santo Antônio da Barra;2011;1096;95,15
Santo Antônio da Barra;2012;1168;100
Santo Antônio da Barra;2013;1202;98,2
Santo Antônio da Barra;2014;1310;100
Santo Antônio da Barra;2015;1357;100
Santo Antônio da Barra;2016;1387;100
Santo Antônio da Barra;2017;1435;100
Santo Antônio da Barra;2018;1481;100
Santo Antônio de Goiás;2000;685;
Santo Antônio de Goiás;2001;733;
Santo Antônio de Goiás;2002;802;
Santo Antônio de Goiás;2003;845;
Santo Antônio de Goiás;2004;913;
Santo Antônio de Goiás;2005;945;92,64
Santo Antônio de Goiás;2006;978;89,55
Santo Antônio de Goiás;2007;1039;98,49
Santo Antônio de Goiás;2008;1163;100
Santo Antônio de Goiás;2009;1284;100
Santo Antônio de Goiás;2010;1502;100
Santo Antônio de Goiás;2011;1664;100
Santo Antônio de Goiás;2012;1813;100
Santo Antônio de Goiás;2013;1919;100
Santo Antônio de Goiás;2014;2012;100
Santo Antônio de Goiás;2015;2102;100
Santo Antônio de Goiás;2016;2160;100
Santo Antônio de Goiás;2017;2236;100
Santo Antônio de Goiás;2018;2278;100
Santo Antônio do Descoberto;2000;6997;
Santo Antônio do Descoberto;2001;7239;
Santo Antônio do Descoberto;2002;7776;
Santo Antônio do Descoberto;2003;7932;
Santo Antônio do Descoberto;2004;8426;
Santo Antônio do Descoberto;2005;320;2,69
Santo Antônio do Descoberto;2005;8699;72,73
Santo Antônio do Descoberto;2006;2393;20,43
Santo Antônio do Descoberto;2006;8985;71,24
Santo Antônio do Descoberto;2007;2953;23,74
Santo Antônio do Descoberto;2007;9505;72,4
Santo Antônio do Descoberto;2008;3065;23,11
Santo Antônio do Descoberto;2008;10050;72,42
Santo Antônio do Descoberto;2009;3239;23,9
Santo Antônio do Descoberto;2009;10661;76,7
Santo Antônio do Descoberto;2010;3802;26,1
Santo Antônio do Descoberto;2010;11287;76,2
Santo Antônio do Descoberto;2011;4114;26,92
Santo Antônio do Descoberto;2011;12458;79,64
Santo Antônio do Descoberto;2012;5046;33,1
Santo Antônio do Descoberto;2012;13598;85,1
Santo Antônio do Descoberto;2013;6556;40,49
Santo Antônio do Descoberto;2013;14624;85,6
Santo Antônio do Descoberto;2014;8780;52,8
Santo Antônio do Descoberto;2014;15684;91,6
Santo Antônio do Descoberto;2015;9711;57,2
Santo Antônio do Descoberto;2015;16612;96,8
Santo Antônio do Descoberto;2016;10274;59,3
Santo Antônio do Descoberto;2016;17823;100
Santo Antônio do Descoberto;2017;10925;61,8
Santo Antônio do Descoberto;2017;18463;100
Santo Antônio do Descoberto;2018;11237;62,1
Santo Antônio do Descoberto;2018;19385;100
São Domingos;2000;1335;
São Domingos;2001;1404;
São Domingos;2002;1456;
São Domingos;2003;1498;
São Domingos;2004;1567;
São Domingos;2005;1619;96,25
São Domingos;2006;1643;97,39
São Domingos;2007;1813;100
São Domingos;2008;1926;100
São Domingos;2009;1998;100
São Domingos;2010;2069;100
São Domingos;2011;2144;100
São Domingos;2012;2208;100
São Domingos;2013;2265;100
São Domingos;2014;2321;100
São Domingos;2015;2357;100
São Domingos;2016;2401;100
São Domingos;2017;2445;100
São Domingos;2018;2474;100
São Francisco de Goiás;2000;1213;
São Francisco de Goiás;2001;1266;
São Francisco de Goiás;2002;1373;
São Francisco de Goiás;2003;1420;
São Francisco de Goiás;2004;1464;
São Francisco de Goiás;2005;1479;93,49
São Francisco de Goiás;2006;1472;92,43
São Francisco de Goiás;2007;1512;100
São Francisco de Goiás;2008;1549;100
São Francisco de Goiás;2009;1592;100
São Francisco de Goiás;2010;1660;100
São Francisco de Goiás;2011;1722;100
São Francisco de Goiás;2012;1781;100
São Francisco de Goiás;2013;1864;100
São Francisco de Goiás;2014;1961;100
São Francisco de Goiás;2015;2081;100
São Francisco de Goiás;2016;2167;100
São Francisco de Goiás;2017;2224;100
São Francisco de Goiás;2018;2286;100
São João d'Aliança;2000;1214;
São João d'Aliança;2001;1310;
São João d'Aliança;2002;1388;
São João d'Aliança;2003;1454;
São João d'Aliança;2004;1494;
São João d'Aliança;2005;1521;81
São João d'Aliança;2006;1555;79,97
São João d'Aliança;2007;1605;100
São João d'Aliança;2008;1742;100
São João d'Aliança;2009;1852;100
São João d'Aliança;2010;1963;96,9
São João d'Aliança;2011;2;
São João d'Aliança;2011;2097;96,91
São João d'Aliança;2012;2222;100
São João d'Aliança;2013;2343;98,6
São João d'Aliança;2014;2486;84,7
São João d'Aliança;2015;2586;86,1
São João d'Aliança;2016;2744;100
São João d'Aliança;2017;2871;100
São João d'Aliança;2018;2979;100
São João da Paraúna;2000;476;
São João da Paraúna;2001;509;
São João da Paraúna;2002;530;
São João da Paraúna;2003;523;
São João da Paraúna;2004;526;
São João da Paraúna;2005;461;82,14
São João da Paraúna;2005;512;89,61
São João da Paraúna;2006;457;81,1
São João da Paraúna;2006;514;89,91
São João da Paraúna;2007;454;90,35
São João da Paraúna;2007;519;100
São João da Paraúna;2008;460;94,25
São João da Paraúna;2008;543;100
São João da Paraúna;2009;472;96,9
São João da Paraúna;2009;558;100
São João da Paraúna;2010;477;95,7
São João da Paraúna;2010;566;100
São João da Paraúna;2011;502;100
São João da Paraúna;2011;575;100
São João da Paraúna;2012;505;100
São João da Paraúna;2012;584;100
São João da Paraúna;2013;533;100
São João da Paraúna;2013;602;100
São João da Paraúna;2014;599;100
São João da Paraúna;2014;645;100
São João da Paraúna;2015;649;100
São João da Paraúna;2015;692;100
São João da Paraúna;2016;670;100
São João da Paraúna;2016;705;100
São João da Paraúna;2017;678;100
São João da Paraúna;2017;722;100
São João da Paraúna;2018;690;100
São João da Paraúna;2018;727;100
São Luis de Montes Belos;2000;6758;
São Luis de Montes Belos;2001;7246;
São Luis de Montes Belos;2002;7563;
São Luis de Montes Belos;2003;7851;
São Luis de Montes Belos;2004;8059;
São Luis de Montes Belos;2005;4707;50,94
São Luis de Montes Belos;2005;8300;90,15
São Luis de Montes Belos;2006;4821;51,16
São Luis de Montes Belos;2006;8689;92,92
São Luis de Montes Belos;2007;4939;58,76
São Luis de Montes Belos;2007;9055;100
São Luis de Montes Belos;2008;5072;58,24
São Luis de Montes Belos;2008;9485;100
São Luis de Montes Belos;2009;5250;59,7
São Luis de Montes Belos;2009;9880;100
São Luis de Montes Belos;2010;5401;54
São Luis de Montes Belos;2010;10305;100
São Luis de Montes Belos;2011;5706;54,65
São Luis de Montes Belos;2011;10754;100
São Luis de Montes Belos;2012;5866;55,5
São Luis de Montes Belos;2012;11211;100
São Luis de Montes Belos;2013;6115;54,57
São Luis de Montes Belos;2013;11678;100
São Luis de Montes Belos;2014;7984;69,4
São Luis de Montes Belos;2014;12127;100
São Luis de Montes Belos;2015;8523;73,1
São Luis de Montes Belos;2015;12741;100
São Luis de Montes Belos;2016;9249;81
São Luis de Montes Belos;2016;13122;100
São Luis de Montes Belos;2017;9730;83,7
São Luis de Montes Belos;2017;13559;100
São Luis de Montes Belos;2018;10420;88,8
São Luis de Montes Belos;2018;13879;100
São Luiz do Norte;2000;610;
São Luiz do Norte;2001;620;
São Luiz do Norte;2002;644;
São Luiz do Norte;2003;673;
São Luiz do Norte;2004;666;
São Luiz do Norte;2005;646;63,51
São Luiz do Norte;2006;679;65,09
São Luiz do Norte;2007;770;62,82
São Luiz do Norte;2008;819;64,96
São Luiz do Norte;2009;837;65,9
São Luiz do Norte;2010;869;62,6
São Luiz do Norte;2011;909;62,59
São Luiz do Norte;2012;962;65,8
São Luiz do Norte;2013;1010;66
São Luiz do Norte;2014;1081;71,6
São Luiz do Norte;2015;1124;72,7
São Luiz do Norte;2016;1155;73,6
São Luiz do Norte;2017;1176;74,3
São Luiz do Norte;2018;1186;73,5
São Miguel do Araguaia;2000;3655;
São Miguel do Araguaia;2001;3786;
São Miguel do Araguaia;2002;3904;
São Miguel do Araguaia;2003;3984;
São Miguel do Araguaia;2004;4024;
São Miguel do Araguaia;2005;1046;17,34
São Miguel do Araguaia;2005;4043;72,6
São Miguel do Araguaia;2006;1701;27,25
São Miguel do Araguaia;2006;4017;66,06
São Miguel do Araguaia;2007;1724;23,43
São Miguel do Araguaia;2007;4116;57,97
São Miguel do Araguaia;2008;1729;24,83
São Miguel do Araguaia;2008;4288;59,3
São Miguel do Araguaia;2009;1813;23,6
São Miguel do Araguaia;2009;4613;63,4
São Miguel do Araguaia;2010;1824;25
São Miguel do Araguaia;2010;4924;71,2
São Miguel do Araguaia;2011;1843;26,78
São Miguel do Araguaia;2011;5259;80,31
São Miguel do Araguaia;2012;1858;29,2
São Miguel do Araguaia;2012;5544;84,39
São Miguel do Araguaia;2013;2146;30,41
São Miguel do Araguaia;2013;5848;85,89
São Miguel do Araguaia;2014;2185;31,1
São Miguel do Araguaia;2014;6138;90,2
São Miguel do Araguaia;2015;2208;31,5
São Miguel do Araguaia;2015;6325;92,7
São Miguel do Araguaia;2016;2323;33,3
São Miguel do Araguaia;2016;6487;94,4
São Miguel do Araguaia;2017;2357;33,7
São Miguel do Araguaia;2017;6623;96,1
São Miguel do Araguaia;2018;2745;39,7
São Miguel do Araguaia;2018;6742;96,6
São Miguel do Passa Quatro;2000;547;
São Miguel do Passa Quatro;2001;590;
São Miguel do Passa Quatro;2002;626;
São Miguel do Passa Quatro;2003;670;
São Miguel do Passa Quatro;2004;736;
São Miguel do Passa Quatro;2005;748;92,19
São Miguel do Passa Quatro;2006;773;91,76
São Miguel do Passa Quatro;2007;812;100
São Miguel do Passa Quatro;2008;841;100
São Miguel do Passa Quatro;2009;863;100
São Miguel do Passa Quatro;2010;897;100
São Miguel do Passa Quatro;2011;939;100
São Miguel do Passa Quatro;2012;1001;100
São Miguel do Passa Quatro;2013;1047;100
São Miguel do Passa Quatro;2014;1090;100
São Miguel do Passa Quatro;2015;1234;100
São Miguel do Passa Quatro;2016;1259;100
São Miguel do Passa Quatro;2017;1285;100
São Miguel do Passa Quatro;2018;1307;100
São Patrício;2000;308;
São Patrício;2001;323;
São Patrício;2002;351;
São Patrício;2003;360;
São Patrício;2004;372;
São Patrício;2005;387;89,65
São Patrício;2006;410;92,49
São Patrício;2007;422;100
São Patrício;2008;452;100
São Patrício;2009;462;100
São Patrício;2010;484;100
São Patrício;2011;499;100
São Patrício;2012;511;100
São Patrício;2013;529;100
São Patrício;2014;553;100
São Patrício;2015;565;100
São Patrício;2016;599;100
São Patrício;2017;608;100
São Patrício;2018;622;100
Serranópolis;2000;1507;
Serranópolis;2001;1560;
Serranópolis;2002;1609;
Serranópolis;2003;1652;
Serranópolis;2004;1769;
Serranópolis;2005;1787;98,57
Serranópolis;2006;1840;90,41
Serranópolis;2007;1925;100
Serranópolis;2008;2025;100
Serranópolis;2009;2126;100
Serranópolis;2010;2187;100
Serranópolis;2011;2263;100
Serranópolis;2012;2335;100
Serranópolis;2013;2400;100
Serranópolis;2014;2491;100
Serranópolis;2015;2590;100
Serranópolis;2016;2693;100
Serranópolis;2017;2736;100
Serranópolis;2018;2812;100
Silvânia;2000;3199;
Silvânia;2001;3361;
Silvânia;2002;3681;
Silvânia;2003;3832;
Silvânia;2004;4039;
Silvânia;2005;4159;97,09
Silvânia;2006;4285;97,58
Silvânia;2007;600;15,98
Silvânia;2007;4459;100
Silvânia;2008;2149;55,33
Silvânia;2008;4604;100
Silvânia;2009;2874;72,3
Silvânia;2009;4749;100
Silvânia;2010;2947;68,8
Silvânia;2010;4894;100
Silvânia;2011;3103;69,75
Silvânia;2011;5082;100
Silvânia;2012;4238;93,5
Silvânia;2012;5314;100
Silvânia;2013;4306;90,17
Silvânia;2013;5597;100
Silvânia;2014;4438;93,2
Silvânia;2014;5864;100
Silvânia;2015;4605;95,4
Silvânia;2015;6074;100
Silvânia;2016;4854;99,6
Silvânia;2016;6234;100
Silvânia;2017;5222;100
Silvânia;2017;6373;100
Silvânia;2018;5347;100
Silvânia;2018;6508;100
Simolândia;2001;1376;
Simolândia;2002;1413;
Simolândia;2003;1522;
Simolândia;2004;1594;
Simolândia;2005;1604;88,67
Simolândia;2006;1644;90,25
Simolândia;2007;1692;97,15
Simolândia;2008;1734;95,41
Simolândia;2009;1776;96,7
Simolândia;2010;1812;100
Simolândia;2011;1876;100
Simolândia;2012;1971;100
Simolândia;2013;2008;100
Simolândia;2014;2043;100
Simolândia;2015;2063;100
Simolândia;2016;2098;100
Simolândia;2017;2116;100
Simolândia;2018;2124;100
Sítio d'Abadia;2012;374;100
Sítio d'Abadia;2013;395;100
Sítio d'Abadia;2014;419;100
Sítio d'Abadia;2015;440;100
Sítio d'Abadia;2016;450;100
Sítio d'Abadia;2017;466;100
Sítio d'Abadia;2018;510;100
Taquaral de Goiás;2000;837;
Taquaral de Goiás;2001;870;
Taquaral de Goiás;2002;882;
Taquaral de Goiás;2003;888;
Taquaral de Goiás;2004;961;
Taquaral de Goiás;2005;1002;100
Taquaral de Goiás;2006;1027;91,03
Taquaral de Goiás;2007;1085;98,67
Taquaral de Goiás;2008;1136;100
Taquaral de Goiás;2009;1176;100
Taquaral de Goiás;2010;1214;100
Taquaral de Goiás;2011;1284;100
Taquaral de Goiás;2012;1344;100
Taquaral de Goiás;2013;1465;100
Taquaral de Goiás;2014;1513;100
Taquaral de Goiás;2015;1537;100
Taquaral de Goiás;2016;1550;100
Taquaral de Goiás;2017;1577;100
Taquaral de Goiás;2018;1610;100
Teresina de Goiás;2000;566;
Teresina de Goiás;2001;599;
Teresina de Goiás;2002;621;
Teresina de Goiás;2003;634;
Teresina de Goiás;2004;649;
Teresina de Goiás;2005;659;81,58
Teresina de Goiás;2006;666;77,33
Teresina de Goiás;2007;693;100
Teresina de Goiás;2008;723;100
Teresina de Goiás;2009;748;100
Teresina de Goiás;2010;764;100
Teresina de Goiás;2011;785;100
Teresina de Goiás;2012;810;100
Teresina de Goiás;2013;819;100
Teresina de Goiás;2014;847;100
Teresina de Goiás;2015;860;100
Teresina de Goiás;2016;873;100
Teresina de Goiás;2017;892;100
Teresina de Goiás;2018;912;100
Terezópolis de Goiás;2000;910;
Terezópolis de Goiás;2001;1067;
Terezópolis de Goiás;2002;1104;
Terezópolis de Goiás;2003;1146;
Terezópolis de Goiás;2004;1199;
Terezópolis de Goiás;2005;1231;81,48
Terezópolis de Goiás;2006;1269;81,44
Terezópolis de Goiás;2007;1359;83,95
Terezópolis de Goiás;2008;1449;85,48
Terezópolis de Goiás;2009;1558;91,1
Terezópolis de Goiás;2010;1660;88,7
Terezópolis de Goiás;2011;1760;89,16
Terezópolis de Goiás;2012;1868;94
Terezópolis de Goiás;2013;2028;96
Terezópolis de Goiás;2014;2159;100
Terezópolis de Goiás;2015;1727;84,1
Terezópolis de Goiás;2015;2285;100
Terezópolis de Goiás;2016;1826;86,6
Terezópolis de Goiás;2016;2361;100
Terezópolis de Goiás;2017;1880;87,4
Terezópolis de Goiás;2017;2418;100
Terezópolis de Goiás;2018;1949;89,2
Terezópolis de Goiás;2018;2487;100
Três Ranchos;2000;816;
Três Ranchos;2001;836;
Três Ranchos;2002;838;
Três Ranchos;2003;858;
Três Ranchos;2004;874;
Três Ranchos;2005;873;93,37
Três Ranchos;2006;925;96,66
Três Ranchos;2007;978;100
Três Ranchos;2008;1035;100
Três Ranchos;2009;1077;100
Três Ranchos;2010;1123;100
Três Ranchos;2011;1170;100
Três Ranchos;2012;1249;100
Três Ranchos;2013;1320;100
Três Ranchos;2014;1411;100
Três Ranchos;2015;1444;100
Três Ranchos;2016;1487;100
Três Ranchos;2017;1508;100
Três Ranchos;2018;1527;100
Trindade;2000;16807;
Trindade;2001;19096;
Trindade;2002;20963;
Trindade;2003;21532;
Trindade;2004;22175;
Trindade;2005;9614;36,26
Trindade;2005;22008;81,28
Trindade;2006;10734;38,13
Trindade;2006;22692;79,36
Trindade;2007;11240;39,15
Trindade;2007;24142;83,23
Trindade;2008;11553;38,03
Trindade;2008;25210;82,4
Trindade;2009;11869;38
Trindade;2009;26450;84,5
Trindade;2010;12202;40,3
Trindade;2010;28027;92,2
Trindade;2011;12815;40,62
Trindade;2011;29634;93,56
Trindade;2012;13080;41,1
Trindade;2012;31319;97,14
Trindade;2013;14571;42,36
Trindade;2013;34736;99,31
Trindade;2014;15329;43,7
Trindade;2014;36836;99,3
Trindade;2015;15701;44
Trindade;2015;39475;99,3
Trindade;2016;19018;52,5
Trindade;2016;41864;99,3
Trindade;2017;22749;61,9
Trindade;2017;44967;99,3
Trindade;2018;24756;65,7
Trindade;2018;46916;99,3
Turvânia;2000;1363;
Turvânia;2001;1423;
Turvânia;2002;1461;
Turvânia;2003;1474;
Turvânia;2004;1488;
Turvânia;2005;1505;91,17
Turvânia;2006;1516;91,87
Turvânia;2007;1543;100
Turvânia;2008;1575;100
Turvânia;2009;1586;100
Turvânia;2010;1608;100
Turvânia;2011;1626;100
Turvânia;2012;1657;100
Turvânia;2013;1682;100
Turvânia;2014;1706;100
Turvânia;2015;1726;100
Turvânia;2016;1742;100
Turvânia;2017;1781;100
Turvânia;2018;1813;100
Turvelândia;2000;732;
Turvelândia;2001;737;
Turvelândia;2002;802;
Turvelândia;2003;818;
Turvelândia;2004;821;
Turvelândia;2005;828;79,68
Turvelândia;2006;835;77,2
Turvelândia;2007;950;100
Turvelândia;2008;999;100
Turvelândia;2009;1014;100
Turvelândia;2010;1038;97
Turvelândia;2011;1063;95,13
Turvelândia;2012;1222;100
Turvelândia;2013;1281;100
Turvelândia;2014;1368;100
Turvelândia;2015;1449;100
Turvelândia;2016;1522;100
Turvelândia;2017;1560;100
Turvelândia;2018;1603;100
Uirapuru;2000;624;
Uirapuru;2001;646;
Uirapuru;2002;680;
Uirapuru;2003;689;
Uirapuru;2004;694;
Uirapuru;2005;686;86,27
Uirapuru;2006;695;87,63
Uirapuru;2007;705;87,48
Uirapuru;2008;738;87,74
Uirapuru;2009;760;88
Uirapuru;2010;776;88,2
Uirapuru;2011;797;96,1
Uirapuru;2012;813;96,7
Uirapuru;2013;830;95,88
Uirapuru;2014;844;96,6
Uirapuru;2015;857;96,8
Uirapuru;2016;875;97,6
Uirapuru;2017;886;97,5
Uirapuru;2018;934;97,5
Uruaçu;2000;7188;
Uruaçu;2001;7427;
Uruaçu;2002;7678;
Uruaçu;2003;7941;
Uruaçu;2004;8207;
Uruaçu;2005;8366;90,78
Uruaçu;2006;8590;93,43
Uruaçu;2007;2242;21,29
Uruaçu;2007;9014;84,44
Uruaçu;2008;2574;23,91
Uruaçu;2008;9556;87,26
Uruaçu;2009;3849;35,2
Uruaçu;2009;10190;91,6
Uruaçu;2010;4123;35
Uruaçu;2010;10838;89,7
Uruaçu;2011;4716;38,7
Uruaçu;2011;11438;91,58
Uruaçu;2012;6028;48,8
Uruaçu;2012;12147;96
Uruaçu;2013;6174;47,63
Uruaçu;2013;12725;95,7
Uruaçu;2014;6690;50,3
Uruaçu;2014;13351;98,3
Uruaçu;2015;7653;57,1
Uruaçu;2015;13737;100
Uruaçu;2016;7975;60,7
Uruaçu;2016;14484;100
Uruaçu;2017;8366;62,7
Uruaçu;2017;14944;100
Uruaçu;2018;9114;67,6
Uruaçu;2018;15058;100
Uruana;2000;3606;
Uruana;2001;3662;
Uruana;2002;3712;
Uruana;2003;3821;
Uruana;2004;3893;
Uruana;2005;191;3,84
Uruana;2005;3881;93,45
Uruana;2006;191;3,84
Uruana;2006;3937;94,73
Uruana;2007;192;3,83
Uruana;2007;4040;84,78
Uruana;2008;192;3,75
Uruana;2008;4148;85,18
Uruana;2009;190;3,1
Uruana;2009;4224;86,4
Uruana;2010;190;3,1
Uruana;2010;4307;88,3
Uruana;2011;190;3,55
Uruana;2011;4407;99,66
Uruana;2012;190;4
Uruana;2012;4494;100
Uruana;2013;188;3,42
Uruana;2013;4768;100
Uruana;2014;187;3,3
Uruana;2014;4847;100
Uruana;2015;185;3,2
Uruana;2015;4972;100
Uruana;2016;184;3,2
Uruana;2016;5025;100
Uruana;2017;181;3,2
Uruana;2017;5096;100
Uruana;2018;180;3,2
Uruana;2018;5178;100
Urutaí;2000;851;
Urutaí;2001;866;
Urutaí;2002;879;
Urutaí;2003;914;
Urutaí;2004;953;
Urutaí;2005;969;97,77
Urutaí;2006;966;95,35
Urutaí;2007;991;100
Urutaí;2008;1026;100
Urutaí;2009;1047;100
Urutaí;2010;1075;100
Urutaí;2011;1101;100
Urutaí;2012;1161;100
Urutaí;2013;1191;100
Urutaí;2014;1246;100
Urutaí;2015;1297;100
Urutaí;2016;1345;100
Urutaí;2017;1387;100
Urutaí;2018;1429;100
Valparaíso de Goiás;2000;6947;
Valparaíso de Goiás;2001;7532;
Valparaíso de Goiás;2002;7749;
Valparaíso de Goiás;2003;13946;
Valparaíso de Goiás;2004;15661;
Valparaíso de Goiás;2005;6144;22,23
Valparaíso de Goiás;2005;18671;65,41
Valparaíso de Goiás;2006;6462;20,31
Valparaíso de Goiás;2006;18983;60,1
Valparaíso de Goiás;2007;7095;21,84
Valparaíso de Goiás;2007;20936;65,25
Valparaíso de Goiás;2008;7910;23,23
Valparaíso de Goiás;2008;22165;64,72
Valparaíso de Goiás;2009;8911;27,1
Valparaíso de Goiás;2009;23819;69,7
Valparaíso de Goiás;2010;9562;27,3
Valparaíso de Goiás;2010;27512;75,1
Valparaíso de Goiás;2011;10632;28,42
Valparaíso de Goiás;2011;33392;84,92
Valparaíso de Goiás;2012;11552;30,2
Valparaíso de Goiás;2012;36535;90,7
Valparaíso de Goiás;2013;11794;29,36
Valparaíso de Goiás;2013;40610;95,1
Valparaíso de Goiás;2014;15455;39,5
Valparaíso de Goiás;2014;44633;100
Valparaíso de Goiás;2015;16506;41,1
Valparaíso de Goiás;2015;49341;100
Valparaíso de Goiás;2016;18171;44,5
Valparaíso de Goiás;2016;54202;100
Valparaíso de Goiás;2017;18460;45,5
Valparaíso de Goiás;2017;57444;100
Valparaíso de Goiás;2018;21242;48,9
Valparaíso de Goiás;2018;61398;100
Varjão;2000;677;
Varjão;2001;741;
Varjão;2002;776;
Varjão;2003;804;
Varjão;2004;814;
Varjão;2005;812;91
Varjão;2006;825;91,38
Varjão;2007;847;99,73
Varjão;2008;875;98,64
Varjão;2009;901;100
Varjão;2010;931;100
Varjão;2011;947;100
Varjão;2012;983;100
Varjão;2013;1041;100
Varjão;2014;1105;100
Varjão;2015;1149;100
Varjão;2016;1176;100
Varjão;2017;1205;100
Varjão;2018;1212;100
Vianópolis;2000;2221;
Vianópolis;2001;2352;
Vianópolis;2002;2437;
Vianópolis;2003;2534;
Vianópolis;2004;2605;
Vianópolis;2005;2650;76,78
Vianópolis;2006;2866;78,54
Vianópolis;2007;3004;94,25
Vianópolis;2008;3155;94,77
Vianópolis;2009;3293;98,1
Vianópolis;2010;3484;100
Vianópolis;2011;3630;100
Vianópolis;2012;3766;100
Vianópolis;2013;3888;100
Vianópolis;2014;4115;100
Vianópolis;2015;4235;100
Vianópolis;2016;4335;100
Vianópolis;2017;4423;100
Vianópolis;2018;4501;100
Vila Boa;2000;748;
Vila Boa;2001;777;
Vila Boa;2002;807;
Vila Boa;2003;842;
Vila Boa;2004;896;
Vila Boa;2005;935;89,67
Vila Boa;2006;970;88,63
Vila Boa;2007;1070;100
Vila Boa;2008;1137;100
Vila Boa;2009;1193;100
Vila Boa;2010;1225;100
Vila Boa;2011;1297;100
Vila Boa;2012;1347;100
Vila Boa;2013;1371;100
Vila Boa;2014;1404;100
Vila Boa;2015;1424;100
Vila Boa;2016;1445;100
Vila Boa;2017;1459;100
Vila Boa;2018;1469;100
Vila Propício;2000;294;
Vila Propício;2001;312;
Vila Propício;2002;318;
Vila Propício;2003;333;
Vila Propício;2004;343;
Vila Propício;2005;362;81,96
Vila Propício;2006;359;78,19
Vila Propício;2007;379;77,03
Vila Propício;2008;397;77,89
Vila Propício;2009;407;78,7
Vila Propício;2010;420;79,6
Vila Propício;2011;438;79,53
Vila Propício;2012;449;82,2
Vila Propício;2013;461;81
Vila Propício;2014;473;83,3
Vila Propício;2015;528;92
Vila Propício;2016;793;100
Vila Propício;2017;880;100
Vila Propício;2018;909;100
