Localidade;Ano;AnosIniciaisRedeMunicipal;AnosIniciaisRedeEstadual;AnosIniciaisRedeFederal;AnosIniciaisRedePública;AnosFinaisRedeMunicipal;AnosFinaisRedeEstadual;AnosFinaisRedeFederal;AnosFinaisRedePública
Abadia de Goiás;2005;3,9;3,3;;3,6;2,3;3,4;;3
Abadia de Goiás;2007;4,3;;;4,3;3,9;2,9;;3,3
Abadia de Goiás;2009;4,9;;;4,9;4,1;3,7;;3,7
Abadia de Goiás;2011;5,7;;;5,7;3,9;4;;3,8
Abadia de Goiás;2013;6;;;6;4,5;4;;4,2
Abadia de Goiás;2015;5,5;;;5,5;4,6;3,9;;4,4
Abadia de Goiás;2017;6,1;    ;    ;6,1;4,8;4,3;    ;4,6
Abadiânia;2005;4;4,8;;4,3;;3,2;;3,2
Abadiânia;2007;3,8;2,9;;3,9;;3,6;;3,6
Abadiânia;2009;4,6;4,6;;4,7;;3,8;;3,8
Abadiânia;2011;4,8;5,6;;5;;3,6;;3,6
Abadiânia;2013;4,9;;;4,9;;4,9;;4,9
Abadiânia;2015;5,1;;;5,1;;4,9;;4,9
Abadiânia;2017;5,2;    ;    ;5,2;    ;5,2;    ;5,2
Acreúna;2005;3,8;4;;3,8;;3,4;;3,4
Acreúna;2007;3,6;4,4;;3,7;2,8;3,8;;3,7
Acreúna;2009;4,9;;;4,9;;3,6;;3,6
Acreúna;2011;5,4;;;5,4;;3,8;;3,8
Acreúna;2013;6,3;;;6,3;;4,6;;4,6
Acreúna;2015;6;;;6;4,2;4,9;;4,8
Acreúna;2017;6,2;    ;    ;6,2;5;5,4;    ;5,4
Adelândia;2005;;3,8;;4;;3,3;;3,3
Adelândia;2007;;4,6;;4,4;;3,5;;3,5
Adelândia;2009;;4,9;;4,8;;3,5;;3,5
Adelândia;2011;;4,8;;4,7;;3,2;;3,2
Adelândia;2013;;5,3;;5,3;;4,5;;4,5
Adelândia;2015;5,4;;;5,4;;4,3;;4,3
Adelândia;2017;4,7;    ;    ;4,7;    ;4,9;    ;4,9
Água Fria de Goiás;2005;3,6;;;3,7;;3,4;;3,4
Água Fria de Goiás;2007;4,4;;;4,4;;;;
Água Fria de Goiás;2009;3,9;;;3,9;;3,9;;3,8
Água Fria de Goiás;2011;4;;;4;;4,3;;4,3
Água Fria de Goiás;2013;5,4;;;5,4;;3,6;;3,5
Água Fria de Goiás;2015;5,2;;;5,1;;4,8;;4,7
Água Fria de Goiás;2017;5,3;    ;    ;5,3;    ;5,5;    ;5,5
Água Limpa;2005;;;;;;3,1;;3,1
Água Limpa;2007;3,3;4,7;;3,7;;4;;4
Água Limpa;2009;4,8;;;4,8;;4,1;;4,1
Água Limpa;2011;5;;;;;3,9;;3,9
Água Limpa;2013;6;;;6;;4,6;;4,6
Água Limpa;2015;6,2;;;6,2;;3,8;;3,8
Água Limpa;2017;5,9;    ;    ;5,9;    ;6,1;    ;6,1
Águas Lindas de Goiás;2005;2,9;;;2,9;;3,1;;3,1
Águas Lindas de Goiás;2007;3,7;;;3,7;;2,7;;2,7
Águas Lindas de Goiás;2009;3,7;;;3,7;;2,8;;2,8
Águas Lindas de Goiás;2011;4,4;;;4,4;;3,2;;3,2
Águas Lindas de Goiás;2013;4,4;;;4,4;;3,4;;3,4
Águas Lindas de Goiás;2015;4,7;;;4,7;;3,4;;3,4
Águas Lindas de Goiás;2017;5,6;    ;    ;5,6;    ;4,4;    ;4,4
Alexânia;2005;3,9;;;3,9;3,9;3,5;;3,6
Alexânia;2007;4,2;;;4,2;3,9;3,5;;3,6
Alexânia;2009;4,5;;;4,5;3,9;3,7;;3,8
Alexânia;2011;4,8;;;4,8;3,8;4,1;;4
Alexânia;2013;5,2;;;5,2;4,1;4,4;;4,3
Alexânia;2015;5;;;5;4;4,4;;4,3
Alexânia;2017;5,5;    ;    ;5,5;4,1;5,1;    ;4,9
Aloândia;2005;;4,4;;4,4;;3,7;;3,7
Aloândia;2007;;4,1;;4,1;;3,5;;3,5
Aloândia;2009;;5,4;;5,4;;;;
Aloândia;2011;;5,7;;5,7;;4,8;;4,8
Aloândia;2013;;6,4;;6,4;;5,2;;5,2
Aloândia;2015;;;;;;5,5;;5,5
Aloândia;2017;    ;6,9;    ;6,9;    ;5,6;    ;5,6
Alto Horizonte;2005;3,5;;;3,5;;3,4;;3,4
Alto Horizonte;2007;4,3;;;4,3;;3,5;;3,5
Alto Horizonte;2009;4,4;;;4,4;;2,9;;2,9
Alto Horizonte;2011;5,4;;;5,4;3,8;;;3,8
Alto Horizonte;2013;6;;;6;3,7;;;3,7
Alto Horizonte;2015;6,1;;;6,1;5,1;;;5,1
Alto Horizonte;2017;6,6;    ;    ;6,6;    ;4,9;    ;5,3
Alto Paraíso de Goiás;2005;;;;;;3,7;;3,8
Alto Paraíso de Goiás;2007;3,5;;;3,5;;3,8;;3,8
Alto Paraíso de Goiás;2009;3,6;;;3,6;;3,8;;3,9
Alto Paraíso de Goiás;2011;4,1;;;4,1;;3,7;;3,8
Alto Paraíso de Goiás;2013;4,1;;;4,1;;4;;3,9
Alto Paraíso de Goiás;2015;4,7;;;4,7;;5;;5
Alto Paraíso de Goiás;2017;4,9;    ;    ;4,9;    ;4,6;    ;4,5
Alvorada do Norte;2005;;3,2;;3,2;3;2,8;;2,9
Alvorada do Norte;2007;;3,4;;3,2;;3,4;;3,4
Alvorada do Norte;2009;3,6;4,3;;3,9;4,1;3,2;;3,6
Alvorada do Norte;2011;4,7;5,5;;4,9;3,8;3,5;;3,7
Alvorada do Norte;2013;4,8;5,5;;5;4,6;4,3;;4,5
Alvorada do Norte;2015;5,1;5,5;;5,2;4,9;4,8;;4,8
Alvorada do Norte;2017;5,6;5,3;    ;5,5;5,2;5;    ;5,1
Amaralina;2005;3,9;;;3,9;;3,2;;3,1
Amaralina;2007;3,9;;;3,9;;3,1;;3,1
Amaralina;2009;4,1;;;4,1;;3,8;;3,8
Amaralina;2011;4,5;;;4,5;;3,7;;3,8
Amaralina;2013;4,7;;;4,7;;4,6;;4,6
Amaralina;2015;5,1;;;5,1;;4,4;;4,5
Amaralina;2017;6;    ;    ;6;    ;5;    ;5
Americano do Brasil;2005;;3,3;;3,4;;3,3;;3,3
Americano do Brasil;2007;4,1;3,8;;4;;3,7;;3,7
Americano do Brasil;2009;5;5,2;;5,1;;4,1;;4,1
Americano do Brasil;2011;5;5,4;;5,1;;4,6;;4,6
Americano do Brasil;2013;6,1;5,8;;6;;5,1;;5,1
Americano do Brasil;2015;5,9;6,9;;6,1;;5,8;;5,8
Americano do Brasil;2017;5,7;    ;    ;5,7;    ;5,8;    ;5,8
Amorinópolis;2005;;4,4;;4,4;;3,2;;3,2
Amorinópolis;2007;;4,5;;4,5;;3,8;;3,8
Amorinópolis;2009;;5;;5,1;;4,2;;4,2
Amorinópolis;2011;;5,2;;5,3;;4,2;;4,2
Amorinópolis;2013;;5,9;;5,8;;5,3;;5,3
Amorinópolis;2015;;6,1;;6,1;;5;;5
Amorinópolis;2017;7,3;6,5;    ;6,9;    ;5,3;    ;5,3
Anápolis;2005;4,1;4,2;;4,1;3,6;3,4;;3,5
Anápolis;2007;4,1;3,8;;4,1;3,9;3,6;;3,7
Anápolis;2009;4,8;5,2;;4,8;4;3,7;;3,8
Anápolis;2011;5,2;5,7;;5,2;4,2;4,3;;4,2
Anápolis;2013;5,6;5,8;;5,6;4,3;4,9;;4,7
Anápolis;2015;5,7;5,7;;5,7;4,9;4,9;;4,9
Anápolis;2017;6,3;6,6;    ;6,3;5,1;5,5;    ;5,4
Anhanguera;2005;;;;;;;;
Anhanguera;2007;4,2;;;4,2;;;;
Anhanguera;2009;;;;;;;;
Anhanguera;2011;5,2;;;;;;;
Anhanguera;2013;;;;;;;;
Anhanguera;2015;;;;;;;;
Anhanguera;2017;    ;    ;    ;    ;    ;    ;    ;    
Anicuns;2005;4,5;5,1;;4,8;;3,8;;3,8
Anicuns;2007;4,3;5,2;;4,7;3,8;3,5;;3,6
Anicuns;2009;4,9;5,7;;5,3;4,4;4;;4,1
Anicuns;2011;6;6,1;;6;4,4;4,7;;4,6
Anicuns;2013;6,1;7,2;;6,5;4;5,4;;5
Anicuns;2015;6,7;6,8;;6,7;;5,7;;5,7
Anicuns;2017;7,4;7,5;    ;7,4;    ;5,9;    ;5,9
Aparecida de Goiânia;2005;4;4;;4;3,3;3,2;;3,2
Aparecida de Goiânia;2007;4,1;4;;4;3,3;3;;3
Aparecida de Goiânia;2009;4,4;4,4;;4,4;3,6;3,2;;3,3
Aparecida de Goiânia;2011;4,9;4,9;;4,9;3,4;3,4;;3,4
Aparecida de Goiânia;2013;5,2;5,5;;5,2;3,6;4,1;;4
Aparecida de Goiânia;2015;5,3;5,5;;5,3;3,7;4,2;;4,2
Aparecida de Goiânia;2017;5,5;6,2;    ;5,6;4,3;4,6;    ;4,6
Aparecida do Rio Doce;2005;2,4;;;2,4;3,4;;;3,4
Aparecida do Rio Doce;2007;3,5;;;3,5;3,2;;;3,2
Aparecida do Rio Doce;2009;4,7;;;4,7;3,4;;;3,4
Aparecida do Rio Doce;2011;5,1;;;5,1;3,6;;;3,6
Aparecida do Rio Doce;2013;5,3;;;5,3;4,1;;;4,1
Aparecida do Rio Doce;2015;5,6;;;5,6;5;;;5
Aparecida do Rio Doce;2017;5,6;    ;    ;5,6;4,7;    ;    ;4,7
Aporé;2005;4,4;;;4,4;;3,8;;3,8
Aporé;2007;4,2;;;4,2;;4;;4
Aporé;2009;5,2;;;5,2;;3,8;;3,8
Aporé;2011;5,9;;;5,9;;4,4;;4,4
Aporé;2013;5,9;;;5,9;;5,1;;5,1
Aporé;2015;5,6;;;5,6;;4,8;;4,8
Aporé;2017;7,1;    ;    ;7,1;    ;5,7;    ;5,7
Araçu;2005;4;3,8;;3,9;;3,5;;3,5
Araçu;2007;4,4;4,1;;4,3;;3,9;;3,9
Araçu;2009;4,9;4,3;;4,7;;3,8;;3,8
Araçu;2011;5,4;5;;5,2;;4;;4
Araçu;2013;6,4;5,3;;5,8;;4,5;;4,5
Araçu;2015;6,1;5,7;;5,9;;5,2;;5,2
Araçu;2017;6,8;7,1;    ;6,9;    ;5,3;    ;5,3
Aragarças;2005;3,4;4,1;;3,5;;3,8;;3,7
Aragarças;2007;4,2;4,3;;4,2;3,7;3,4;;3,5
Aragarças;2009;4,5;4,3;;4,5;4,4;3,5;;3,8
Aragarças;2011;4,6;5;;4,7;4,5;4,4;;4,5
Aragarças;2013;5,2;5,5;;5,3;4,5;4,6;;4,5
Aragarças;2015;5,6;5,5;;5,6;4,6;4,4;;4,5
Aragarças;2017;6,1;6,5;    ;6,2;4,1;5;    ;4,7
Aragoiânia;2005;3,2;;;3,2;;3,9;;3,9
Aragoiânia;2007;4;;;4;;3,5;;3,5
Aragoiânia;2009;4,4;;;4,4;;3,9;;3,9
Aragoiânia;2011;4,5;;;4,5;;3,7;;3,7
Aragoiânia;2013;4,8;;;4,8;;3,9;;3,9
Aragoiânia;2015;5,3;;;5,3;;3,7;;3,7
Aragoiânia;2017;5,3;    ;    ;5,3;    ;4,2;    ;4,2
Araguapaz;2005;2,7;3,8;;3,4;;3,1;;3,1
Araguapaz;2007;4;4,5;;4,3;;3;;3,1
Araguapaz;2009;5;4,1;;4,4;;3,7;;3,7
Araguapaz;2011;5;;;5;;3,7;;3,7
Araguapaz;2013;4,6;;;4,6;;4;;4
Araguapaz;2015;5,2;;;5,2;;4,2;;4,2
Araguapaz;2017;5,7;    ;    ;5,7;    ;4,8;    ;4,8
Arenópolis;2005;;;;;;4,1;;4,2
Arenópolis;2007;4,2;4,5;;4,3;;3,9;;3,9
Arenópolis;2009;;;;;;4;;4,1
Arenópolis;2011;4,3;;;4,3;;4,1;;4,1
Arenópolis;2013;5,8;;;5,8;;4,7;;4,7
Arenópolis;2015;5,4;;;5,4;;4,9;;5
Arenópolis;2017;5,8;    ;    ;5,8;    ;5,4;    ;5,4
Aruanã;2005;3,7;;;3,8;;3;;3
Aruanã;2007;3,6;;;3,6;;3,4;;3,4
Aruanã;2009;4,6;;;4,6;;3,5;;3,5
Aruanã;2011;5,5;;;5,5;;3,9;;3,9
Aruanã;2013;6,2;;;6,2;;4,8;;4,8
Aruanã;2015;6,7;;;6,7;;5,3;;5,3
Aruanã;2017;7,4;    ;    ;7,4;    ;5,2;    ;5,2
Aurilândia;2005;4,1;3,7;;3,8;;3,2;;3,2
Aurilândia;2007;4,7;3,9;;4,4;;3,8;;3,8
Aurilândia;2009;4,5;;;4,5;;3,8;;3,8
Aurilândia;2011;4,9;;;4,9;;4,3;;4,3
Aurilândia;2013;5,9;;;5,9;;5,2;;5,2
Aurilândia;2015;6,5;;;6,5;;;;
Aurilândia;2017;6,4;    ;    ;6,4;    ;5,5;    ;5,5
Avelinópolis;2005;;;;;;1,4;;2,1
Avelinópolis;2007;4,3;4,2;;4,2;3,8;3,2;;3,4
Avelinópolis;2009;4,5;;;4,5;;3;;3
Avelinópolis;2011;5;;;5;;3,7;;3,7
Avelinópolis;2013;5,7;;;5,7;;4,4;;4,4
Avelinópolis;2015;5,3;;;5,3;;5,6;;5,5
Avelinópolis;2017;6,8;    ;    ;6,8;    ;5,6;    ;5,6
Baliza;2005;;;;;;;;
Baliza;2007;3,3;4,5;;3,7;4;;;4,2
Baliza;2009;;;;;3,4;;;3,5
Baliza;2011;;;;;;;;
Baliza;2013;;;;;;;;
Baliza;2015;;;;;;;;
Baliza;2017;6;    ;    ;    ;    ;    ;    ;    
Barro Alto;2005;3,8;;;3,8;;3,6;;3,7
Barro Alto;2007;4,2;;;4,2;4,5;3,8;;4
Barro Alto;2009;4,7;;;4,7;4,4;3,5;;3,9
Barro Alto;2011;5,4;;;5,4;4,5;4,1;;4,3
Barro Alto;2013;5,8;;;5,8;5,2;4,4;;4,9
Barro Alto;2015;5,9;;;5,9;5,1;4,4;;4,9
Barro Alto;2017;6,4;    ;    ;6,4;5,4;5,3;    ;5,3
Bela Vista de Goiás;2005;3,1;3,9;;3,6;;3,8;;3,8
Bela Vista de Goiás;2007;4,4;4,2;;4,3;;3,6;;3,6
Bela Vista de Goiás;2009;4,6;4,7;;4,7;;3,5;;3,5
Bela Vista de Goiás;2011;5,4;4,8;;5;;4,1;;4,1
Bela Vista de Goiás;2013;6,1;5,9;;6;;4,2;;4,2
Bela Vista de Goiás;2015;5,4;6;;5,6;;4,4;;4,4
Bela Vista de Goiás;2017;5,8;5,9;    ;5,8;    ;5,2;    ;5,2
Bom Jardim de Goiás;2005;3,8;3,9;;3,8;;4,2;;4
Bom Jardim de Goiás;2007;;4,3;;4,1;;3,7;;3,7
Bom Jardim de Goiás;2009;4,9;4,8;;4,9;;3,1;;3,1
Bom Jardim de Goiás;2011;5,4;5,4;;5,4;;4,1;;4,1
Bom Jardim de Goiás;2013;5,5;6,1;;5,6;;4,4;;4,5
Bom Jardim de Goiás;2015;5,7;;;5,7;;4,1;;4,2
Bom Jardim de Goiás;2017;6,2;6,3;    ;6,2;    ;5,1;    ;5,3
Bom Jesus de Goiás;2005;3,7;4,6;;3,9;3,6;4,1;;3,8
Bom Jesus de Goiás;2007;4,1;5,3;;4,3;3,5;4,3;;3,9
Bom Jesus de Goiás;2009;4,6;6,4;;4,8;3,9;4,3;;4,1
Bom Jesus de Goiás;2011;5,4;;;5,4;4,1;4,4;;4,2
Bom Jesus de Goiás;2013;5,7;;;5,7;4;5,5;;4,6
Bom Jesus de Goiás;2015;5,9;;;5,9;4,8;5,7;;5,1
Bom Jesus de Goiás;2017;6,3;    ;    ;6,3;    ;5,8;    ;5,2
Bonfinópolis;2005;3,1;;;3,1;;3,2;;3,2
Bonfinópolis;2007;3,7;;;3,7;;3,3;;3,3
Bonfinópolis;2009;4,3;;;4,3;;3,6;;3,6
Bonfinópolis;2011;4,9;;;4,9;;4;;4
Bonfinópolis;2013;5,2;;;5,2;;4,5;;4,5
Bonfinópolis;2015;5,6;;;5,6;;4;;4
Bonfinópolis;2017;5,7;    ;    ;5,7;    ;5,3;    ;5,3
Bonópolis;2005;3,3;;;3,3;;3,5;;3,5
Bonópolis;2007;4;;;4;4;3,2;;3,3
Bonópolis;2009;4,1;;;4,1;;3,7;;3,7
Bonópolis;2011;4,1;;;4,1;;3,1;;3,2
Bonópolis;2013;4,6;;;4,6;;4,8;;4,8
Bonópolis;2015;5,1;;;5,1;;4,5;;4,5
Bonópolis;2017;5,8;    ;    ;5,8;    ;4,4;    ;4,4
Brazabrantes;2005;4,2;;;4,1;;3,4;;3,4
Brazabrantes;2007;3,7;;;3,8;;2,9;;2,9
Brazabrantes;2009;5,4;;;5,5;;4,1;;4,1
Brazabrantes;2011;5,9;;;5,9;;3,2;;3,2
Brazabrantes;2013;5,1;;;5,1;;5,3;;5,3
Brazabrantes;2015;5,2;;;5,3;;5;;5
Brazabrantes;2017;5,5;    ;    ;5,5;    ;5;    ;5
Britânia;2005;3,5;3,3;;3,5;;3,6;;3,6
Britânia;2007;3,3;4;;3,8;;3,4;;3,4
Britânia;2009;3,8;4,5;;4,3;;3,9;;3,9
Britânia;2011;;4,7;;4,4;;4,2;;4,2
Britânia;2013;6,3;6,3;;6,2;;4,9;;4,9
Britânia;2015;5,9;;;5,9;;4,6;;4,6
Britânia;2017;5,9;    ;    ;5,9;    ;5,6;    ;5,6
Buriti Alegre;2005;;4,4;;4,3;;3,4;;3,4
Buriti Alegre;2007;;4;;4;;3,4;;3,4
Buriti Alegre;2009;;5,1;;5;;2,7;;2,7
Buriti Alegre;2011;;5,6;;5,1;;3,4;;3,4
Buriti Alegre;2013;6,5;6,4;;6,5;;5,3;;5,3
Buriti Alegre;2015;6,3;5,3;;6,1;;5,4;;5,4
Buriti Alegre;2017;6,7;6,5;    ;6,6;    ;6;    ;6
Buriti de Goiás;2005;4,7;;;4,7;;3,7;;3,7
Buriti de Goiás;2007;4,4;;;4,4;;4,5;;4,5
Buriti de Goiás;2009;5,7;;;5,7;;5;;5
Buriti de Goiás;2011;6,1;;;6,1;;4,1;;4,2
Buriti de Goiás;2013;6,4;;;6,4;;5,2;;5,2
Buriti de Goiás;2015;6,3;;;6,3;;5,7;;5,7
Buriti de Goiás;2017;6,7;    ;    ;6,7;    ;6,2;    ;6,1
Buritinópolis;2005;;3,7;;3,6;;3,4;;3,3
Buritinópolis;2007;4,1;;;4,1;;2,8;;2,9
Buritinópolis;2009;4,2;;;4,2;;3,1;;3,2
Buritinópolis;2011;4,6;;;4,6;;4,1;;4
Buritinópolis;2013;5,4;;;5,4;;4,7;;4,8
Buritinópolis;2015;5,4;;;5,4;;4,4;;4,3
Buritinópolis;2017;    ;    ;    ;    ;    ;5,1;    ;5
Cabeceiras;2005;;3,9;;3,8;;3,4;;3,3
Cabeceiras;2007;3,2;3,6;;3,5;;3,5;;3,4
Cabeceiras;2009;;4,6;;4,4;;3,4;;3,4
Cabeceiras;2011;4,3;;;4,3;;3,6;;3,6
Cabeceiras;2013;4,2;;;4,2;;4,9;;4,9
Cabeceiras;2015;4,8;;;4,8;;4,7;;4,7
Cabeceiras;2017;5;    ;    ;5;3,6;4,6;    ;4,4
Cachoeira Alta;2005;3,9;3,5;;3,9;;3,5;;
Cachoeira Alta;2007;4,4;4,4;;4,4;;3,8;;3,8
Cachoeira Alta;2009;4,9;4,6;;4,7;;3,1;;3,2
Cachoeira Alta;2011;5,4;4,8;;5,1;;3,9;;3,9
Cachoeira Alta;2013;6,1;6,4;;6,2;;4,4;;4,4
Cachoeira Alta;2015;5,6;6,7;;5,8;;4,8;;4,8
Cachoeira Alta;2017;5,4;6,8;    ;5,5;    ;5,2;    ;5,2
Cachoeira de Goiás;2005;;4,3;;4,3;;;;
Cachoeira de Goiás;2007;;4,8;;4,8;;4,1;;4,1
Cachoeira de Goiás;2009;;5,1;;5,1;;4,3;;4,3
Cachoeira de Goiás;2011;;6,4;;6,4;;;;
Cachoeira de Goiás;2013;;8,1;;8,1;;5;;5
Cachoeira de Goiás;2015;;;;;;5,6;;5,6
Cachoeira de Goiás;2017;    ;6,7;    ;6,8;    ;5,6;    ;5,6
Cachoeira Dourada;2005;3,8;3,9;;3,8;3,6;3,8;;3,6
Cachoeira Dourada;2007;4,3;3,8;;4,2;4,3;3;;4
Cachoeira Dourada;2009;4,5;4,6;;4,6;4,1;3,6;;3,9
Cachoeira Dourada;2011;5,1;;;5,1;4,1;;;4,2
Cachoeira Dourada;2013;6;;;6;4,5;5,1;;4,7
Cachoeira Dourada;2015;5,7;;;5,7;4,5;5,4;;4,8
Cachoeira Dourada;2017;6,5;    ;    ;6,5;4,7;5,4;    ;5,2
Caçu;2005;3,4;;;3,4;3,5;2,9;;
Caçu;2007;4,2;;;4,2;4,5;4;;4,3
Caçu;2009;5;;;5;4,2;3,7;;4
Caçu;2011;5,6;;;5,6;4,4;4,6;;4,4
Caçu;2013;5,7;;;5,7;4,7;4,9;;4,8
Caçu;2015;5,6;;;5,6;5;5,3;;5,1
Caçu;2017;6,2;    ;    ;6,2;5,4;5,7;    ;5,5
Caiapônia;2005;4,2;4,1;;4,2;;3,5;;3,4
Caiapônia;2007;4,8;5,5;;4,9;;3,7;;3,8
Caiapônia;2009;4,9;5,2;;5;;3,9;;3,9
Caiapônia;2011;5,2;5,7;;5,3;;4,6;;4,6
Caiapônia;2013;5,6;;;5,6;;4,8;;4,7
Caiapônia;2015;5,8;;;5,8;;5,2;;5,2
Caiapônia;2017;6,1;    ;    ;6,1;    ;5,4;    ;5,4
Caldas Novas;2005;3,9;4,6;;4,1;3;3,6;;3,5
Caldas Novas;2007;3,8;4,7;;4,1;3,9;3,5;;3,7
Caldas Novas;2009;4;5,6;;4,7;3,7;3,8;;3,7
Caldas Novas;2011;4,9;6,2;;5,1;3,7;3,9;;3,8
Caldas Novas;2013;5,5;6,6;;5,7;4,2;4,6;;4,5
Caldas Novas;2015;5,5;6,4;;5,7;4,8;4,9;;4,9
Caldas Novas;2017;5,7;7;    ;5,9;4,9;5,5;    ;5,2
Caldazinha;2005;3,8;;;3,8;;3,5;;3,5
Caldazinha;2007;3,5;;;3,5;;3,2;;3,2
Caldazinha;2009;4;;;4;;3,8;;3,8
Caldazinha;2011;3,6;;;3,6;;3,9;;3,9
Caldazinha;2013;5,7;;;5,7;;4,8;;4,8
Caldazinha;2015;4,9;;;4,9;;4,1;;4,1
Caldazinha;2017;5,4;    ;    ;5,4;    ;5,5;    ;5,5
Campestre de Goiás;2005;2,7;4,3;;3,2;;3,3;;2,9
Campestre de Goiás;2007;;5;;4,3;2,8;3,5;;3,2
Campestre de Goiás;2009;5,1;5,2;;5,1;3,2;3,9;;3,5
Campestre de Goiás;2011;5,6;;;5,6;4,2;4,7;;4,3
Campestre de Goiás;2013;6,1;;;6,1;5,1;;;5,2
Campestre de Goiás;2015;5,6;;;5,6;;4,2;;4,3
Campestre de Goiás;2017;6,7;    ;    ;6,7;    ;5,4;    ;5,5
Campinaçu;2005;;4,5;;4,4;3,3;3,9;;3,6
Campinaçu;2007;4,4;4,2;;4,2;4;4,1;;4,1
Campinaçu;2009;4,1;;;4,2;4;3,4;;3,7
Campinaçu;2011;5,2;5,1;;5,1;4;4,4;;4,2
Campinaçu;2013;5,3;5,6;;5,5;4,9;;;4,9
Campinaçu;2015;5,1;;;5,1;5,5;3,7;;4,7
Campinaçu;2017;5,2;6,3;    ;5,6;4,8;5,2;    ;4,9
Campinorte;2005;4,4;;;4,4;;3,8;;3,8
Campinorte;2007;4,2;4;;4,2;;3,7;;3,7
Campinorte;2009;4,6;;;4,6;;3,9;;3,9
Campinorte;2011;4,6;4,6;;4,6;;4,7;;4,7
Campinorte;2013;5,3;6;;5,4;;4,5;;4,5
Campinorte;2015;5,3;;;5,4;;4,9;;4,9
Campinorte;2017;6,3;    ;    ;6,3;    ;5,4;    ;5,4
Campo Alegre de Goiás;2005;4,4;;;4,4;;3,7;;3,7
Campo Alegre de Goiás;2007;4;;;4;;4,4;;4,4
Campo Alegre de Goiás;2009;5,1;;;5,1;;3,4;;3,4
Campo Alegre de Goiás;2011;5,7;;;5,7;;4,1;;4,1
Campo Alegre de Goiás;2013;5,9;;;5,9;;4,4;;4,4
Campo Alegre de Goiás;2015;6,3;;;6,3;;4,6;;4,6
Campo Alegre de Goiás;2017;6,1;    ;    ;6,1;    ;4,9;    ;4,9
Campo Limpo de Goiás;2005;4;3,7;;3,9;3,9;3,3;;3,7
Campo Limpo de Goiás;2007;3,8;;;3,8;3,9;2,8;;3,4
Campo Limpo de Goiás;2009;4,3;;;4,3;4;2,4;;3,3
Campo Limpo de Goiás;2011;4,8;;;4,8;4,5;;;3,6
Campo Limpo de Goiás;2013;4,7;;;4,7;;3,6;;3,9
Campo Limpo de Goiás;2015;4,7;;;4,7;;3,7;;3,8
Campo Limpo de Goiás;2017;5,3;    ;    ;5,3;    ;4,5;    ;4,5
Campos Belos;2005;3,6;3,9;;3,7;;3,1;;3,1
Campos Belos;2007;3,3;3,4;;3,4;3,6;3,3;;3,3
Campos Belos;2009;4,3;5,3;;4,5;3,2;3,8;;3,6
Campos Belos;2011;4,8;5,7;;5;3,4;4,3;;4
Campos Belos;2013;5,4;5,1;;5,3;4,1;4,7;;4,4
Campos Belos;2015;5,3;;;5,3;4,1;4,7;;4,6
Campos Belos;2017;5,3;    ;    ;5,3;4,4;4,9;    ;4,7
Campos Verdes;2005;3,7;3,9;;3,8;;2,9;;2,9
Campos Verdes;2007;3,7;;;3,7;4;3,3;;3,4
Campos Verdes;2009;4,7;;;4,7;;3,8;;3,8
Campos Verdes;2011;4,7;;;4,7;;3,6;;3,6
Campos Verdes;2013;5,3;;;5,3;;4,9;;4,9
Campos Verdes;2015;5,5;;;5,5;;5,1;;5,1
Campos Verdes;2017;5,7;    ;    ;5,7;    ;5,6;    ;5,6
Carmo do Rio Verde;2005;4,4;4,4;;4,4;;4,1;;4,2
Carmo do Rio Verde;2007;4,4;;;4,4;2,8;3,9;;3,8
Carmo do Rio Verde;2009;4,5;;;4,5;;4;;4
Carmo do Rio Verde;2011;5,2;;;5,2;;4;;4
Carmo do Rio Verde;2013;5,6;;;5,6;;4,4;;4,4
Carmo do Rio Verde;2015;5,5;;;5,5;;5,2;;5,2
Carmo do Rio Verde;2017;6,2;    ;    ;6,2;    ;5,2;    ;5,2
Castelândia;2005;3,8;;;3,8;;3,2;;3,2
Castelândia;2007;4;;;4;;4;;4
Castelândia;2009;3,9;;;3,9;;3,6;;3,6
Castelândia;2011;4,3;;;4,3;;4;;4
Castelândia;2013;4,7;;;4,7;;4,3;;4,3
Castelândia;2015;5,3;;;5,3;;4,4;;4,4
Castelândia;2017;5,2;    ;    ;5,2;    ;5,1;    ;5,1
Catalão;2005;4,4;4,5;;4,5;3,8;3,8;;
Catalão;2007;4,5;4,7;;4,6;4;3,7;;3,8
Catalão;2009;4,6;5,3;;4,9;4,1;3,7;;3,8
Catalão;2011;5,3;5,8;;5,4;4,2;4,2;;4,1
Catalão;2013;6,8;6,4;;6,7;5,8;4,6;;4,7
Catalão;2015;6,8;6,4;;6,7;5,6;4,8;;4,9
Catalão;2017;6,6;6,5;    ;6,6;5,1;5,3;    ;5,3
Caturaí;2005;;4;;4,5;;3,8;;3,8
Caturaí;2007;4;4,5;;4,3;;3,9;;3,9
Caturaí;2009;5,1;5,5;;5;;3,9;;3,9
Caturaí;2011;5,1;;;5,1;;4,5;;4,5
Caturaí;2013;5,2;;;5,2;;5,7;;5,7
Caturaí;2015;5,3;;;5,3;;5,2;;5,2
Caturaí;2017;5,8;    ;    ;5,8;    ;4,9;    ;4,9
Cavalcante;2005;3,1;3,6;;3,3;;3,1;;3,1
Cavalcante;2007;3,3;5;;3,7;;3,6;;3,6
Cavalcante;2009;3,8;3,3;;3,6;;3,1;;3,1
Cavalcante;2011;4,1;;;4,1;;3,4;;3,4
Cavalcante;2013;4,4;;;4,4;;3,6;;3,6
Cavalcante;2015;4,3;;;4,3;;4,2;;4,2
Cavalcante;2017;4,4;    ;    ;4,4;    ;4,5;    ;4,5
Ceres;2005;;4,7;;4,6;;4,3;;4,3
Ceres;2007;4,4;5,5;;5,1;;4,5;;4,5
Ceres;2009;5,6;5,5;;5,5;;4,5;;4,5
Ceres;2011;6,1;5,8;;5,9;;4,9;;4,9
Ceres;2013;6,4;5,2;;6,2;;5;;5
Ceres;2015;6,6;6;;6,5;;5,1;;5,1
Ceres;2017;6,7;7,1;    ;6,8;    ;5,6;    ;5,6
Cezarina;2005;4,6;;;4,6;;3,6;;3,6
Cezarina;2007;4,4;;;4,4;;3,6;;3,6
Cezarina;2009;4,6;;;4,7;;3,6;;3,6
Cezarina;2011;5,6;;;5,6;;3,7;;3,7
Cezarina;2013;5,3;;;5,3;;4,6;;4,6
Cezarina;2015;5,4;;;5,4;;4,1;;4,1
Cezarina;2017;5,9;    ;    ;5,9;    ;4,3;    ;4,3
Chapadão do Céu;2005;4,1;;;4,1;3,6;;;3,6
Chapadão do Céu;2007;5,1;;;5,1;5;;;5
Chapadão do Céu;2009;5,3;;;5,3;4,1;;;4,1
Chapadão do Céu;2011;6,1;;;6,1;5,3;;;5,3
Chapadão do Céu;2013;7,1;;;7,1;5,5;;;5,5
Chapadão do Céu;2015;6,6;;;6,6;5,7;;;5,7
Chapadão do Céu;2017;6,7;    ;    ;6,7;5,8;    ;    ;5,8
Cidade Ocidental;2005;3,8;;;3,8;3,3;3;;3,2
Cidade Ocidental;2007;4,1;;;4,1;3,5;3,6;;3,5
Cidade Ocidental;2009;4,1;;;4,1;3,4;3,9;;3,6
Cidade Ocidental;2011;4,4;;;4,4;3,2;4,4;;3,5
Cidade Ocidental;2013;4,6;;;4,6;3,7;4,8;;4
Cidade Ocidental;2015;5;;;5;3,8;4,9;;4,1
Cidade Ocidental;2017;5;    ;    ;5;4,3;4,9;    ;4,5
Cocalzinho de Goiás;2005;3,4;4;;3,7;2,9;3,6;;3,2
Cocalzinho de Goiás;2007;3,7;3,5;;3,7;3,2;3,3;;3,3
Cocalzinho de Goiás;2009;4,1;5,2;;4,2;3,5;3,3;;3,5
Cocalzinho de Goiás;2011;4,8;5,1;;4,8;3,8;3,8;;3,8
Cocalzinho de Goiás;2013;5,2;;;5,2;3,5;4,6;;3,8
Cocalzinho de Goiás;2015;5,3;;;5,3;3,5;4,1;;3,7
Cocalzinho de Goiás;2017;5,8;    ;    ;5,8;4,6;4,9;    ;4,7
Colinas do Sul;2005;3,7;3,5;;3,7;;3,6;;3,7
Colinas do Sul;2007;3,3;3,4;;3,2;;3,2;;3,2
Colinas do Sul;2009;3,8;4,8;;4,1;3,8;3,1;;3,4
Colinas do Sul;2011;4,6;;;4,7;3,7;4,7;;4,3
Colinas do Sul;2013;6,4;5;;6;4,1;5,2;;4,9
Colinas do Sul;2015;4,9;;;4,9;;4,6;;4,6
Colinas do Sul;2017;5,5;    ;    ;5,5;    ;5,3;    ;5,3
Córrego do Ouro;2005;3,9;;;3,9;;3,5;;3,6
Córrego do Ouro;2007;4,6;;;4,6;;4;;4,1
Córrego do Ouro;2009;5,1;;;5,1;;3,7;;3,7
Córrego do Ouro;2011;5,2;;;5,2;;5;;4,9
Córrego do Ouro;2013;6,7;;;6,7;;5,9;;5,9
Córrego do Ouro;2015;6,1;;;6,1;;5,7;;5,7
Córrego do Ouro;2017;6,9;    ;    ;6,9;    ;6,4;    ;6,4
Corumbá de Goiás;2005;4,4;4,7;;4,4;;3,8;;3,8
Corumbá de Goiás;2007;4,5;;;4,5;;3,7;;3,7
Corumbá de Goiás;2009;4,8;;;4,8;;3,6;;3,6
Corumbá de Goiás;2011;5,7;;;5,7;;4,4;;4,4
Corumbá de Goiás;2013;6;;;6;;5;;5
Corumbá de Goiás;2015;5,8;;;5,8;;4,7;;4,7
Corumbá de Goiás;2017;5,9;    ;    ;5,9;    ;5;    ;5
Corumbaíba;2005;4;;;4;;3,9;;
Corumbaíba;2007;4,4;;;4,4;;3,6;;3,6
Corumbaíba;2009;5,4;;;5,4;;3,5;;3,5
Corumbaíba;2011;6,6;;;6,6;;4,5;;4,5
Corumbaíba;2013;6,9;;;6,9;;4,8;;4,8
Corumbaíba;2015;7,2;;;7,2;;4,9;;5
Corumbaíba;2017;7,3;    ;    ;7,3;    ;5,2;    ;5,2
Cristalina;2005;3,5;3,5;;3,4;3,4;3,2;;3,3
Cristalina;2007;3,9;;;3,9;4,3;3;;3,6
Cristalina;2009;4,1;;;4,1;3,9;2,9;;3,4
Cristalina;2011;4,4;;;4,4;4,3;3,5;;3,8
Cristalina;2013;4,7;;;4,7;4,4;4,3;;4,4
Cristalina;2015;4,7;;;4,7;4,3;4,7;;4,4
Cristalina;2017;5,7;    ;    ;5,7;5,2;5;    ;5
Cristianópolis;2005;3,3;3,6;;3,2;;4,1;;4
Cristianópolis;2007;3,8;4,8;;3,8;3,6;3,5;;3,6
Cristianópolis;2009;4,6;;;4,7;4,2;3,7;;3,9
Cristianópolis;2011;4,4;;;4,4;2,6;3,2;;3
Cristianópolis;2013;5;;;5;4,3;;;4,4
Cristianópolis;2015;5,2;;;5,2;4,5;4,9;;4,6
Cristianópolis;2017;5,4;    ;    ;5,4;4,8;    ;    ;4,8
Crixás;2005;3,7;4,4;;3,9;;3;;3
Crixás;2007;5,5;4,9;;5,3;;3,9;;3,9
Crixás;2009;5,3;;;5,3;;4;;4
Crixás;2011;5,3;;;5,3;;4,5;;4,5
Crixás;2013;5,2;;;5,2;;4,7;;4,7
Crixás;2015;5,6;;;5,6;;5,2;;5,2
Crixás;2017;5,8;    ;    ;5,8;    ;5,4;    ;5,4
Cromínia;2005;;4,8;;4,8;;0,8;;1,8
Cromínia;2007;;5;;5;;4,1;;4,1
Cromínia;2009;;5,7;;5,6;;3,1;;3,2
Cromínia;2011;;5,4;;5,5;;3,2;;3,2
Cromínia;2013;;6,7;;6,7;;5,4;;5,4
Cromínia;2015;;6,8;;6,8;;4,1;;4,1
Cromínia;2017;    ;6,9;    ;6,9;    ;5,8;    ;5,8
Cumari;2005;;4,9;;4,9;;3,6;;
Cumari;2007;;4;;4;;3,6;;3,6
Cumari;2009;;4,8;;4,8;;3,9;;3,9
Cumari;2011;;5,3;;5,3;;3,6;;3,6
Cumari;2013;;6,8;;6,8;;5,4;;5,4
Cumari;2015;;7,1;;7,1;;5,9;;5,9
Cumari;2017;    ;6,5;    ;6,5;    ;5,8;    ;5,8
Damianópolis;2005;;3,6;;3,6;;4;;3,9
Damianópolis;2007;3,5;4,2;;4,2;;3,6;;3,5
Damianópolis;2009;;5,1;;4,9;;4;;4
Damianópolis;2011;;4,5;;4,7;;4;;4
Damianópolis;2013;4,3;;;4,3;;5;;5
Damianópolis;2015;5;;;5;;5,1;;5,1
Damianópolis;2017;5,2;    ;    ;5,2;    ;4,9;    ;4,9
Damolândia;2005;;5;;4,9;;4,1;;4,1
Damolândia;2007;3,7;;;3,8;;3,9;;3,9
Damolândia;2009;5,1;;;5,1;;4,1;;4,1
Damolândia;2011;4,9;;;;;4,4;;4,4
Damolândia;2013;5,9;;;5,9;;5,1;;5,1
Damolândia;2015;5,8;;;5,8;;5;;5
Damolândia;2017;6,5;    ;    ;6,5;    ;5,4;    ;5,4
Davinópolis;2005;;;;;;;;
Davinópolis;2007;4,3;3,9;;4,1;;3,8;;3,8
Davinópolis;2009;;;;;;3,8;;3,8
Davinópolis;2011;3,8;;;;;;;
Davinópolis;2013;6;;;6;;;;
Davinópolis;2015;;;;;;4,4;;4,4
Davinópolis;2017;    ;    ;    ;    ;    ;4,5;    ;4,5
Diorama;2005;;4,4;;4,3;;;;
Diorama;2007;;;;;;4,5;;4,5
Diorama;2009;;5,8;;5,8;;4,1;;4,1
Diorama;2011;;5,5;;5,5;;3,8;;3,8
Diorama;2013;;5,6;;5,6;;4,9;;4,9
Diorama;2015;;6,8;;6,8;;5,3;;5,3
Diorama;2017;    ;6,8;    ;6,8;    ;5;    ;5
Divinópolis de Goiás;2005;2,9;;;2,9;;2,7;;2,8
Divinópolis de Goiás;2007;3,7;;;3,7;;3,3;;3,5
Divinópolis de Goiás;2009;;3,7;;3,7;;3,5;;3,5
Divinópolis de Goiás;2011;3,8;4,4;;4,5;;4,1;;4
Divinópolis de Goiás;2013;4,9;;;4,9;;4,1;;4
Divinópolis de Goiás;2015;5,2;;;5,2;;4;;4
Divinópolis de Goiás;2017;4,9;    ;    ;4,9;    ;4,8;    ;4,8
Doverlândia;2005;4;4,9;;4,3;;3,7;;3,5
Doverlândia;2007;4,3;4,6;;4,5;;3,6;;3,7
Doverlândia;2009;4,3;4,9;;4,6;;4,4;;4,2
Doverlândia;2011;5,2;5,5;;5,5;;4,1;;4,1
Doverlândia;2013;5,6;6,5;;6;;5;;4,9
Doverlândia;2015;5,3;7,6;;5,8;;5,4;;5,3
Doverlândia;2017;5,5;    ;    ;5,5;    ;5,6;    ;5,6
Edealina;2005;4,5;;;4,6;3,2;;;3,2
Edealina;2007;5;4,3;;4,7;3,5;;;3,5
Edealina;2009;5,4;;;5,4;3,8;;;3,8
Edealina;2011;4,8;;;4,9;3,7;;;3,8
Edealina;2013;5,5;;;5,5;3,9;;;3,9
Edealina;2015;5,8;;;5,8;4,5;;;4,5
Edealina;2017;5,8;    ;    ;5,8;4,6;    ;    ;4,6
Edéia;2005;4,5;4,5;;4,5;3,5;4,1;;3,9
Edéia;2007;4,5;4,8;;4,5;4,3;4,1;;4,2
Edéia;2009;5;4,6;;4,9;4,2;4,2;;4,2
Edéia;2011;5,2;;;5,2;3,8;4,5;;4,2
Edéia;2013;6,1;;;6,1;4,5;5;;4,8
Edéia;2015;6,1;;;6,1;;5;;4,9
Edéia;2017;6,7;    ;    ;6,7;    ;5,1;    ;5,1
Estrela do Norte;2005;;3,8;;3,8;3,8;3,2;;3,4
Estrela do Norte;2007;4,3;4,6;;4,3;3,7;4;;3,8
Estrela do Norte;2009;4,1;5;;4,5;3,6;4,8;;4,2
Estrela do Norte;2011;4;;;4;4,7;3,8;;4,1
Estrela do Norte;2013;5,6;;;5,6;4,8;5,1;;5
Estrela do Norte;2015;5,3;;;5,3;;;;
Estrela do Norte;2017;6,1;    ;    ;6,1;5,8;4,8;    ;5,3
Faina;2005;;4,3;;4;;3,5;;3,5
Faina;2007;3,8;4,8;;4,2;;3,6;;3,4
Faina;2009;4,7;4,7;;4,7;;4;;4
Faina;2011;;4,4;;4,5;;4,4;;4,4
Faina;2013;;5,2;;5,5;;4,5;;4,3
Faina;2015;5;;;5;;4,8;;4,8
Faina;2017;5,5;    ;    ;5,5;    ;5,5;    ;5,5
Fazenda Nova;2005;4,1;4,4;;4,3;;2,8;;2,9
Fazenda Nova;2007;5;4,7;;4,9;;3,8;;3,8
Fazenda Nova;2009;5;5,1;;5,1;;3,9;;3,9
Fazenda Nova;2011;6;5,6;;5,6;;4,6;;4,7
Fazenda Nova;2013;;6,3;;6,3;;5,2;;5,2
Fazenda Nova;2015;;7,4;;7,4;;6;;6
Fazenda Nova;2017;    ;7,4;    ;7,4;    ;6;    ;6
Firminópolis;2005;;4;;4;;4;;4
Firminópolis;2007;4,7;4,6;;4,7;;3,7;;3,7
Firminópolis;2009;5,1;5,9;;5,6;;3,7;;3,7
Firminópolis;2011;5,6;6,2;;5,8;;4,2;;4,2
Firminópolis;2013;6,3;;;6,3;;5,1;;5,1
Firminópolis;2015;6,3;;;6,3;;4,7;;4,7
Firminópolis;2017;7,5;    ;    ;7,5;    ;5,3;    ;5,3
Flores de Goiás;2005;3;;;3,1;;3,6;;3,4
Flores de Goiás;2007;3,6;4,8;;3,7;;3,3;;3,3
Flores de Goiás;2009;3,2;;;3,2;;3,6;;3
Flores de Goiás;2011;4,2;;;4,2;;4,2;;4
Flores de Goiás;2013;4,1;;;4,1;;4,6;;4,3
Flores de Goiás;2015;4,5;;;4,5;;4,3;;4
Flores de Goiás;2017;4,7;    ;    ;4,7;3,4;4,4;    ;4
Formosa;2005;4,1;;;3,8;4;3,2;;3,4
Formosa;2007;4,3;3,7;;4,3;4,1;3,3;;3,6
Formosa;2009;4,7;;;4,7;4,2;3,5;;3,9
Formosa;2011;4,9;;;4,9;3,9;3,8;;3,9
Formosa;2013;4,9;;;5;4,2;4,3;;4,2
Formosa;2015;5,2;;;5,2;4,3;4,4;;4,3
Formosa;2017;5,2;    ;    ;5,2;3,8;4,7;    ;4,2
Formoso;2005;3,7;4,6;;4,4;;3,7;;3,7
Formoso;2007;4,3;5;;4,6;;4,3;;4,3
Formoso;2009;4,2;5,2;;4,6;;4,1;;4,1
Formoso;2011;5,3;6;;5,5;;;;
Formoso;2013;5,5;6,3;;5,9;;4,3;;4,3
Formoso;2015;6;;;6;;5,2;;5,2
Formoso;2017;7,1;7,8;    ;7,4;    ;5,7;    ;5,7
Gameleira de Goiás;2005;;3,9;;3,9;;;;
Gameleira de Goiás;2007;4,1;;;4,1;4;;;4
Gameleira de Goiás;2009;4,7;;;4,7;4,8;;;4,8
Gameleira de Goiás;2011;5;;;5;4,6;;;4,6
Gameleira de Goiás;2013;5,4;;;5,4;5;;;5
Gameleira de Goiás;2015;5,2;;;5,2;5,3;;;5,3
Gameleira de Goiás;2017;5,1;    ;    ;5,1;5,2;    ;    ;5,2
Goianápolis;2005;3,7;4,5;;3,8;;3,6;;3,6
Goianápolis;2007;4;;;4;;3,8;;3,8
Goianápolis;2009;4,1;;;4,1;;4;;4
Goianápolis;2011;5;;;5;;4,4;;4,4
Goianápolis;2013;5,3;;;5,3;;4,9;;4,9
Goianápolis;2015;5,7;;;5,7;;5;;5
Goianápolis;2017;5,9;    ;    ;5,9;    ;5,5;    ;5,5
Goiandira;2005;5,1;4,5;;4,7;;4,6;;
Goiandira;2007;4,8;4,9;;4,8;;4,5;;4,5
Goiandira;2009;6,9;5,3;;6,1;;4,4;;4,4
Goiandira;2011;7,2;5,9;;6,7;;4,3;;4,3
Goiandira;2013;6,9;5,8;;6,5;;5,3;;5,3
Goiandira;2015;5,9;5,9;;5,9;;4,9;;4,9
Goiandira;2017;6,7;6,3;    ;6,5;    ;5,3;    ;5,3
Goianésia;2005;4,3;4;;4,3;;4;;4
Goianésia;2007;4,8;3,9;;4,8;;4;;4
Goianésia;2009;5,5;;;5,5;;4,1;;4,1
Goianésia;2011;5,8;;;5,8;;4,5;;4,5
Goianésia;2013;6,6;;;6,6;;5,4;;5,4
Goianésia;2015;6,9;;;6,9;;5,6;;5,6
Goianésia;2017;7,1;    ;    ;7,1;    ;5,8;    ;5,8
Goiânia;2005;3,9;4;;3,9;2,9;3,4;;3,2
Goiânia;2007;4,2;4,1;5,1;4,2;3,3;3,5;5,5;3,4
Goiânia;2009;5,1;4,9;5,5;5;3,8;3,7;5,3;3,8
Goiânia;2011;5,3;5,4;;5,3;3,7;4,1;;3,9
Goiânia;2013;5,4;6,1;6,8;5,5;4,5;4,7;4,9;4,6
Goiânia;2015;5,6;6,3;6,5;5,7;4,6;5,2;6;4,9
Goiânia;2017;5,8;7;6,5;5,9;4,7;5,7;6,1;5,3
Goianira;2005;3,8;4,5;;4;2,7;3;;2,9
Goianira;2007;3,6;4,1;;3,8;3,1;3,1;;3,1
Goianira;2009;4,6;4,7;;4,6;3,6;3,7;;3,6
Goianira;2011;5,1;5,6;;5,2;3,4;4;;3,8
Goianira;2013;5,3;5,4;;5,3;3,4;4,3;;4,2
Goianira;2015;5,2;;;5,2;3,8;4,5;;4,3
Goianira;2017;5,7;    ;    ;5,7;4,4;5,1;    ;5
Goiás;2005;;4,6;;4,3;;3,6;;3,7
Goiás;2007;;4,6;;4,6;4,1;3,7;;3,7
Goiás;2009;5,1;5,5;;5,5;;3,9;;4
Goiás;2011;;5,6;;5,6;;4,4;;4,4
Goiás;2013;4,7;6,7;;6,1;;4,7;;4,7
Goiás;2015;5,5;6,5;;6;;4,7;;4,8
Goiás;2017;6;7;    ;6,5;    ;5,7;    ;5,7
Goiatuba;2005;4;4,3;;4;3,8;3;;3,3
Goiatuba;2007;4,8;3,6;;4,6;4,4;3,4;;3,8
Goiatuba;2009;5;5,2;;5;4,4;3;;3,7
Goiatuba;2011;5,6;5,5;;5,6;4,7;4;;4,4
Goiatuba;2013;5,9;6,1;;6;4,7;4,4;;4,6
Goiatuba;2015;5,9;6,2;;6;;4,6;;4,7
Goiatuba;2017;5,9;    ;    ;5,9;4,1;5,1;    ;5,1
Gouvelândia;2005;3,6;3,7;;3,7;;3,5;;
Gouvelândia;2007;4,2;;;4,2;;4,1;;4,1
Gouvelândia;2009;;;;;;4,1;;4,1
Gouvelândia;2011;4,9;;;4,9;;4,2;;4,2
Gouvelândia;2013;5,6;;;5,6;;4,6;;4,6
Gouvelândia;2015;5,9;;;5,9;;5,3;;5,3
Gouvelândia;2017;5,9;    ;    ;5,9;    ;4,6;    ;4,6
Guapó;2005;3,5;3,1;;3,4;;3,2;;3,2
Guapó;2007;3,9;3,9;;3,9;;3,2;;3,2
Guapó;2009;4,9;4,5;;4,7;;3,7;;3,7
Guapó;2011;5,1;5,3;;5,1;;4;;4
Guapó;2013;5,4;6,3;;5,5;;4,9;;4,9
Guapó;2015;5,6;6,7;;5,7;;4,9;;4,9
Guapó;2017;6,2;6,7;    ;6,2;    ;5,4;    ;5,4
Guaraíta;2005;3,8;;;3,8;;3,1;;3,1
Guaraíta;2007;4,1;;;4,1;;3,6;;3,6
Guaraíta;2009;3,7;;;3,7;;4,4;;4,4
Guaraíta;2011;5,3;;;5,3;;4,1;;4,1
Guaraíta;2013;6,1;;;6,1;;;;
Guaraíta;2015;5,4;;;5,4;;5,8;;5,8
Guaraíta;2017;5,5;    ;    ;5,5;    ;5,9;    ;5,9
Guarani de Goiás;2005;3,1;3,7;;3,4;;3,1;;3,1
Guarani de Goiás;2007;3;;;3,1;;3,6;;3,5
Guarani de Goiás;2009;4,1;5,1;;4,4;;3,8;;3,7
Guarani de Goiás;2011;4,5;;;4,5;;4,1;;4,2
Guarani de Goiás;2013;4,8;;;4,8;3,7;4,6;;4,4
Guarani de Goiás;2015;4,6;;;4,6;4,4;4,7;;4,6
Guarani de Goiás;2017;5,3;    ;    ;5,4;3,7;4,9;    ;4,4
Guarinos;2005;;3,9;;3,9;;3,1;;3,1
Guarinos;2007;;5,8;;5,8;;4,2;;4,2
Guarinos;2009;;6;;6;;4,2;;4,2
Guarinos;2011;;5,9;;5,9;;3,9;;3,9
Guarinos;2013;6,3;;;6,3;;5,7;;5,7
Guarinos;2015;5,5;;;5,5;;5,8;;5,8
Guarinos;2017;5,9;    ;    ;5,9;    ;6,4;    ;6,4
Heitoraí;2005;;3,9;;3,9;;3,7;;3,7
Heitoraí;2007;;3,9;;3,9;;3,7;;3,7
Heitoraí;2009;;5,3;;5,3;;3,4;;3,4
Heitoraí;2011;;5,7;;5,8;;3,3;;3,3
Heitoraí;2013;;6,3;;6,3;;5,4;;5,4
Heitoraí;2015;;5,9;;5,9;;4,8;;4,8
Heitoraí;2017;    ;6;    ;6;    ;5,4;    ;5,4
Hidrolândia;2005;4;;;4;;2,8;;2,9
Hidrolândia;2007;4,2;;;4,2;3,6;3;;3,1
Hidrolândia;2009;4,2;;;4,2;;3,1;;3,1
Hidrolândia;2011;4,8;;;4,8;2,8;3,3;;3,2
Hidrolândia;2013;4,9;;;4,9;3,3;4,1;;4
Hidrolândia;2015;4,8;;;4,8;4,2;4;;4
Hidrolândia;2017;5,1;    ;    ;5,1;3,8;4,6;    ;4,5
Hidrolina;2005;;4,2;;3,8;;3,7;;3,7
Hidrolina;2007;4;;;4,1;;4,1;;4,1
Hidrolina;2009;4,9;;;4,9;;4,4;;4,4
Hidrolina;2011;5,4;;;5,4;;3,8;;3,8
Hidrolina;2013;5,2;;;5,2;;5,3;;5,3
Hidrolina;2015;5,7;;;5,7;;4,9;;4,9
Hidrolina;2017;6,6;    ;    ;6,6;    ;5,1;    ;5,1
Iaciara;2005;2,6;1,6;;1,4;;3;;3,1
Iaciara;2007;3,4;3,6;;3,6;;3,2;;3,1
Iaciara;2009;3,2;3,9;;3,4;;3,2;;3,3
Iaciara;2011;4,7;;;4,7;;4,1;;4,1
Iaciara;2013;4,6;;;4,6;;4,4;;4,4
Iaciara;2015;4,9;;;4,9;;4,9;;4,9
Iaciara;2017;4,9;    ;    ;4,9;    ;5;    ;5
Inaciolândia;2005;4,2;;;4,2;3,8;;;3,6
Inaciolândia;2007;3,6;3,9;;3,7;3,5;2,7;;3,2
Inaciolândia;2009;4,1;;;4,1;3,9;3,5;;3,8
Inaciolândia;2011;4,9;;;4,9;4,2;4,6;;4,3
Inaciolândia;2013;5,8;;;5,8;4,9;4,9;;4,9
Inaciolândia;2015;5,8;;;5,8;5,3;3,7;;4,5
Inaciolândia;2017;6,1;    ;    ;6,1;5,6;5;    ;5,4
Indiara;2005;4,1;4;;4,1;;3,5;;3,6
Indiara;2007;4;4,4;;4,1;3,6;3,4;;3,5
Indiara;2009;5,1;4,6;;5;4,2;4,2;;4,3
Indiara;2011;4,9;;;4,9;4,7;3,7;;4
Indiara;2013;5,2;;;5,2;4,8;4,7;;4,7
Indiara;2015;5,2;;;5,2;4,8;4,5;;4,7
Indiara;2017;6,1;    ;    ;6,1;4,5;5,1;    ;4,7
Inhumas;2005;4,1;4,4;;4,1;;4,4;;4,3
Inhumas;2007;4,5;4,5;;4,6;3,9;3,9;;3,9
Inhumas;2009;4,9;5,3;;5;3,5;4,3;;4,2
Inhumas;2011;5,6;6;;5,7;4,6;4,8;;4,8
Inhumas;2013;6,1;6,2;;6,1;4,7;5,2;;5,1
Inhumas;2015;6,3;6,5;;6,3;4,7;5,3;;5,2
Inhumas;2017;6,2;7,1;    ;6,3;4,8;5,6;    ;5,5
Ipameri;2005;5,3;4,4;;4,8;4,4;2,9;;
Ipameri;2007;5,1;4,3;;4,8;4,6;2,8;;3,3
Ipameri;2009;5,3;5,8;;5,4;4,8;3,4;;3,9
Ipameri;2011;5,4;6;;5,6;5,4;4;;4,4
Ipameri;2013;6,3;6,9;;6,5;5,4;4;;4,4
Ipameri;2015;6,3;6,8;;6,4;5,5;4,2;;4,5
Ipameri;2017;6,1;6,9;    ;6,3;5,7;5;    ;5,2
Ipiranga de Goiás;2005;;;;;;4,4;;4,3
Ipiranga de Goiás;2007;;;;;;4,4;;4,3
Ipiranga de Goiás;2009;5,1;;;5,1;;4,2;;4,3
Ipiranga de Goiás;2011;5,2;;;5,2;;4,6;;4,6
Ipiranga de Goiás;2013;6;;;6;;5,4;;5,4
Ipiranga de Goiás;2015;6,4;;;6,4;;5,4;;5,4
Ipiranga de Goiás;2017;7;    ;    ;7;    ;5,8;    ;5,8
Iporá;2005;;4,4;;4,4;;3,8;;3,8
Iporá;2007;4,1;4,6;;4,5;3;3,9;;3,8
Iporá;2009;5,1;5,7;;5,6;3,5;3,9;;3,9
Iporá;2011;;5,6;;5,6;4,1;4,5;;4,4
Iporá;2013;5,9;6,8;;6,6;4,3;5,1;;5
Iporá;2015;6,5;6,9;;6,8;;5,1;;5,2
Iporá;2017;6,9;6,9;    ;6,9;5,7;5,7;    ;5,7
Israelândia;2005;;4;;4,2;;3,1;;3,1
Israelândia;2007;4,3;4,1;;4,2;;3,7;;3,7
Israelândia;2009;4,5;;;4,5;;3,7;;3,8
Israelândia;2011;4,6;;;4,6;;3,8;;3,7
Israelândia;2013;5,1;;;5,1;;4,2;;4,2
Israelândia;2015;;;;;;4,5;;4,5
Israelândia;2017;5,8;    ;    ;5,8;    ;4,7;    ;4,7
Itaberaí;2005;4,2;4,1;;4,2;3,7;4;;4
Itaberaí;2007;4,5;4,2;;4,5;4,3;3,5;;3,7
Itaberaí;2009;5,1;5,7;;5,2;4,5;4;;4,1
Itaberaí;2011;5,9;6;;5,9;4,8;4,6;;4,7
Itaberaí;2013;5,9;6,4;;6;4,7;5,3;;5
Itaberaí;2015;6,4;6,5;;6,5;4,9;5,3;;5,1
Itaberaí;2017;7;6,5;    ;6,9;4,8;5,9;    ;5,2
Itaguari;2005;4;;;3,9;;3,5;;3,5
Itaguari;2007;5;;;5;;4,1;;4,1
Itaguari;2009;5,8;;;5,8;;4,3;;4,3
Itaguari;2011;6,2;;;6,2;;4,8;;4,8
Itaguari;2013;7;;;7;;5,2;;5,2
Itaguari;2015;7;;;7;;5,4;;5,4
Itaguari;2017;6,6;    ;    ;6,6;    ;5,4;    ;5,4
Itaguaru;2005;4,6;;;4,6;;3,6;;3,6
Itaguaru;2007;4,5;;;4,5;;4,1;;4,1
Itaguaru;2009;5,5;;;5,5;;4,4;;4,4
Itaguaru;2011;5;;;5;;5;;5
Itaguaru;2013;6,2;;;6,2;;5,2;;5,2
Itaguaru;2015;6,5;;;6,5;;4,8;;4,8
Itaguaru;2017;6,6;    ;    ;6,6;    ;6;    ;6
Itajá;2005;3,7;;;3,7;;2,3;;
Itajá;2007;4,3;;;4,3;;3,8;;3,5
Itajá;2009;4,3;;;4,3;;3,5;;3,5
Itajá;2011;5,4;;;5,4;;4,5;;4,5
Itajá;2013;5,4;;;5,4;;4,8;;4,7
Itajá;2015;6,3;;;6,3;;4,6;;4,6
Itajá;2017;5,9;    ;    ;5,9;    ;5;    ;5,1
Itapaci;2005;4,8;4,1;;4,4;;3,4;;3,6
Itapaci;2007;5,6;5;;5,3;4,5;3,5;;3,7
Itapaci;2009;6,6;5,1;;5,7;4,6;3,5;;3,8
Itapaci;2011;5,6;5,5;;5,6;4,3;4;;4,1
Itapaci;2013;5,8;6,1;;5,9;4,1;4,7;;4,4
Itapaci;2015;5;;;5;3,8;5,1;;4,5
Itapaci;2017;6;    ;    ;6;5,1;5,3;    ;5,2
Itapirapuã;2005;3,2;3,4;;3,4;;3,4;;3,4
Itapirapuã;2007;3,9;3,8;;3,9;;3,5;;3,5
Itapirapuã;2009;4,1;3,9;;4,1;;3,2;;3,2
Itapirapuã;2011;4,9;5,2;;4,9;;4;;4
Itapirapuã;2013;4,9;;;4,9;;4,9;;4,9
Itapirapuã;2015;5;5,1;;5;;5;;5
Itapirapuã;2017;5;5,3;    ;5;    ;5,1;    ;5,1
Itapuranga;2005;4,2;4,1;;4,1;;3,8;;3,8
Itapuranga;2007;4,5;4,1;;4,4;4,2;3,9;;4
Itapuranga;2009;4,9;5;;5;4,7;4;;4,1
Itapuranga;2011;5,4;6,2;;5,6;4,5;4,8;;4,7
Itapuranga;2013;5,8;6,4;;6,2;4,8;5,1;;5
Itapuranga;2015;5,5;6,5;;5,7;5;5,1;;5,1
Itapuranga;2017;5,9;6;    ;6;4,6;5,8;    ;5,3
Itarumã;2005;4,2;;;4,2;;3,3;;
Itarumã;2007;4;;;4;;4;;4
Itarumã;2009;4,5;;;4,5;;2,7;;2,8
Itarumã;2011;5,5;;;5,5;;4,2;;4,2
Itarumã;2013;6,1;;;6,1;;4,4;;4,5
Itarumã;2015;6,5;;;6,5;;4,6;;4,7
Itarumã;2017;6,6;    ;    ;6,6;    ;5,2;    ;5,1
Itauçu;2005;;4,4;;4,2;;3,8;;3,8
Itauçu;2007;;4,9;;4,8;;3,6;;3,6
Itauçu;2009;5,4;5,3;;5,3;;3,8;;3,7
Itauçu;2011;6,7;7,1;;6,9;;4,5;;4,6
Itauçu;2013;6,4;6,8;;6,6;;4,9;;4,9
Itauçu;2015;6,5;6,5;;6,5;;5;;5
Itauçu;2017;7,8;7,3;    ;7,6;    ;5,2;    ;5,2
Itumbiara;2005;4,1;4,2;;4,2;3,7;3,6;;3,7
Itumbiara;2007;4,4;4,1;;4,3;4,1;3,4;;3,6
Itumbiara;2009;5;4,7;;4,9;4,5;3,6;;3,8
Itumbiara;2011;5,6;5;;5,5;5;4,3;;4,4
Itumbiara;2013;6,5;6,2;;6,4;5,6;5,2;;5,2
Itumbiara;2015;6,4;5,6;;6,4;;5,2;;5,2
Itumbiara;2017;7;    ;    ;7;    ;5,8;    ;5,8
Ivolândia;2005;;3,7;;3,8;;3,9;;3,9
Ivolândia;2007;;5,1;;5,1;;4,4;;4,4
Ivolândia;2009;;6,1;;6,1;;4,4;;4,4
Ivolândia;2011;;6,2;;6,2;;;;
Ivolândia;2013;;5,8;;5,8;;5,9;;5,9
Ivolândia;2015;;6,4;;6,4;;5,9;;5,9
Ivolândia;2017;    ;6,3;    ;6,3;    ;5,5;    ;5,5
Jandaia;2005;4,3;4,8;;4,6;;3,7;;3,9
Jandaia;2007;4,1;4,6;;4,2;4,3;3,9;;4,1
Jandaia;2009;4,9;;;4,9;4,6;4;;4,3
Jandaia;2011;4,8;;;4,8;4,3;4;;4,2
Jandaia;2013;6,1;;;6,1;4,7;4,5;;4,6
Jandaia;2015;6,2;;;6,2;5,3;4,1;;4,8
Jandaia;2017;6,6;    ;    ;6,6;    ;5,3;    ;5,3
Jaraguá;2005;4,4;4,7;;4,5;;3,4;;3,4
Jaraguá;2007;4,6;4,5;;4,6;;3,5;;3,5
Jaraguá;2009;5,1;5,5;;5,1;;3,9;;3,9
Jaraguá;2011;5,5;;;5,5;;4,1;;4,1
Jaraguá;2013;6;6,4;;6;;5;;5
Jaraguá;2015;6,3;6,8;;6,3;;5,1;;5,1
Jaraguá;2017;6,6;6,9;    ;6,6;    ;5,5;    ;5,5
Jataí;2005;4;4,4;;4,1;3,8;3,7;;3,7
Jataí;2007;4,3;4,2;;4,3;3,7;4,1;;3,9
Jataí;2009;5,2;5,1;;5,2;4;3,9;;3,9
Jataí;2011;5,2;5,2;;5,2;4;4,5;;4,4
Jataí;2013;5,9;6,2;;5,9;4,4;5;;4,8
Jataí;2015;5,8;6,2;;5,8;4,7;5;;5
Jataí;2017;5,8;    ;    ;5,8;4,8;5,6;    ;5,5
Jaupaci;2005;5,1;;;5,1;;4,1;;4,1
Jaupaci;2007;4,4;4,3;;4,4;;3,9;;3,9
Jaupaci;2009;4,9;;;4,9;;3,9;;3,9
Jaupaci;2011;5,3;;;5,3;;4;;4
Jaupaci;2013;5,6;;;5,6;;5;;5
Jaupaci;2015;6,1;;;6,1;;5,8;;5,8
Jaupaci;2017;6;    ;    ;6;    ;5,9;    ;5,9
Jesúpolis;2005;;3,2;;3,4;;3,2;;3,2
Jesúpolis;2007;;3,3;;3,4;;3,7;;3,7
Jesúpolis;2009;5,3;4,3;;5;;3,3;;3,3
Jesúpolis;2011;6;;;6;;4;;4
Jesúpolis;2013;6;;;6;;5,4;;5,4
Jesúpolis;2015;6,8;;;6,8;;5,3;;5,3
Jesúpolis;2017;6,5;    ;    ;6,5;    ;6,2;    ;6,2
Joviânia;2005;3,7;;;3,7;;3,2;;3
Joviânia;2007;4,5;;;4,5;3,8;3,2;;3,5
Joviânia;2009;4,7;;;4,7;3,8;4;;4
Joviânia;2011;5,5;;;5,5;;4,1;;
Joviânia;2013;5,9;;;5,9;4,1;4,8;;4,5
Joviânia;2015;6,2;;;6,2;5,2;5,8;;5,6
Joviânia;2017;6,2;    ;    ;6,2;5,6;5,8;    ;5,7
Jussara;2005;3,5;3,1;;3,4;;3,2;;3,2
Jussara;2007;4,3;4,5;;4,4;4,9;3,9;;4
Jussara;2009;4,9;4,8;;4,8;4,3;3,5;;3,7
Jussara;2011;5,4;5,5;;5,4;4,5;4,9;;4,9
Jussara;2013;5,8;5,5;;5,7;;5,5;;5,5
Jussara;2015;6,2;5,3;;6,1;5,2;5,7;;5,6
Jussara;2017;6,5;6,9;    ;6,5;5,6;5,6;    ;5,6
Lagoa Santa;2005;;;;;;2,9;;
Lagoa Santa;2007;3,5;;;3,5;;3,5;;3,5
Lagoa Santa;2009;4,9;;;4,9;;;;
Lagoa Santa;2011;5,5;;;5,5;;5;;5
Lagoa Santa;2013;6,7;;;6,7;;5,6;;5,6
Lagoa Santa;2015;;;;;;5,6;;5,6
Lagoa Santa;2017;7,3;    ;    ;7,3;    ;5,7;    ;5,7
Leopoldo de Bulhões;2005;;3,3;;3,3;;3,3;;3,3
Leopoldo de Bulhões;2007;3,1;3,1;;3,1;;2,2;;2,7
Leopoldo de Bulhões;2009;;4,4;;4,5;3,1;3,6;;3,5
Leopoldo de Bulhões;2011;5,8;5,5;;5,7;;4,4;;4,1
Leopoldo de Bulhões;2013;4,9;;;4,9;;5,1;;4,9
Leopoldo de Bulhões;2015;5,2;;;5,2;;5;;5
Leopoldo de Bulhões;2017;5,2;    ;    ;5,2;    ;5,3;    ;5,2
Luziânia;2005;3,6;;;3,6;;3;;3
Luziânia;2007;4;;;4;;3,2;;3,2
Luziânia;2009;4,1;;;4,1;;3,4;;3,4
Luziânia;2011;5;;;5;;3,6;;3,6
Luziânia;2013;5,5;;;5,5;3,3;4,3;;4,3
Luziânia;2015;5,5;;;5,5;;4,7;;4,7
Luziânia;2017;5,7;    ;    ;5,7;    ;5,2;    ;5,2
Mairipotaba;2005;3,2;;;3,2;;3,4;;3,4
Mairipotaba;2007;4,2;;;4,2;;3,6;;3,6
Mairipotaba;2009;4,5;;;4,5;;3,7;;3,7
Mairipotaba;2011;5;;;5;;5;;5
Mairipotaba;2013;5,2;;;5,2;;4,8;;4,8
Mairipotaba;2015;5,8;;;5,8;;5;;5
Mairipotaba;2017;6;    ;    ;6;    ;4,9;    ;4,9
Mambaí;2005;2,4;3,6;;2,8;;3,9;;3,9
Mambaí;2007;3,6;4,1;;3,8;;3,7;;3,7
Mambaí;2009;3,8;3,5;;3,8;;3,6;;3,6
Mambaí;2011;4,7;4,3;;4,6;;3,9;;3,9
Mambaí;2013;4,3;5,4;;4,4;;4;;4
Mambaí;2015;4,6;;;4,6;;5;;5
Mambaí;2017;5,1;    ;    ;5,1;    ;4,9;    ;4,9
Mara Rosa;2005;3,4;4,1;;3,8;;3,6;;3,6
Mara Rosa;2007;4,4;5,1;;4,8;;3,9;;3,8
Mara Rosa;2009;4,5;6;;5,3;;3,5;;3,4
Mara Rosa;2011;5,4;5,9;;5,6;;4,1;;4,1
Mara Rosa;2013;6;6,4;;6,2;;4,5;;4,5
Mara Rosa;2015;5,9;6,3;;6;;5,5;;5,5
Mara Rosa;2017;5,8;6;    ;5,8;    ;5,7;    ;5,6
Marzagão;2005;;4,7;;4,7;;4,3;;4,3
Marzagão;2007;;5,2;;5,2;;3,7;;3,7
Marzagão;2009;;5;;5;;3,7;;3,7
Marzagão;2011;;5,1;;5,1;;3,8;;3,8
Marzagão;2013;;5,9;;5,9;;4,8;;4,8
Marzagão;2015;;5,9;;5,8;;4,6;;4,6
Marzagão;2017;6,1;6,8;    ;6,5;    ;6,1;    ;6,1
Matrinchã;2005;3,5;;;3,7;;2,9;;2,9
Matrinchã;2007;4,6;;;4,6;;3,4;;3,4
Matrinchã;2009;4;;;4;;3,3;;3,5
Matrinchã;2011;3,5;;;3,5;;4,1;;4,3
Matrinchã;2013;5,1;4,7;;5,1;;4,6;;4,6
Matrinchã;2015;4,9;;;4,9;;5;;5
Matrinchã;2017;5,2;    ;    ;5,2;    ;5,1;    ;5,1
Maurilândia;2005;3,4;4,2;;3,5;;3,6;;3,6
Maurilândia;2007;3,5;4,2;;3,6;;3,2;;3,2
Maurilândia;2009;4,1;3,3;;4;;3,3;;3,3
Maurilândia;2011;4,7;;;4,7;;3,9;;3,9
Maurilândia;2013;5,3;;;5,3;;4,5;;4,5
Maurilândia;2015;5,5;;;5,5;;4,2;;4,2
Maurilândia;2017;6,3;    ;    ;6,3;    ;5,1;    ;5,1
Mimoso de Goiás;2005;;3,4;;3,2;;3,7;;3,7
Mimoso de Goiás;2007;3,9;;;3,9;;;;
Mimoso de Goiás;2009;4,2;;;4,2;;3,3;;3,3
Mimoso de Goiás;2011;4,3;;;4,3;;2,8;;2,8
Mimoso de Goiás;2013;4,5;;;4,5;;4,3;;4,3
Mimoso de Goiás;2015;4,7;;;4,7;;4,3;;4,3
Mimoso de Goiás;2017;4,8;    ;    ;4,8;    ;3,7;    ;3,7
Minaçu;2005;3,9;4,6;;4;3,3;3,4;;3,3
Minaçu;2007;4;4,5;;4,1;3,2;3,5;;3,4
Minaçu;2009;4,6;4,8;;4,6;3,3;3,3;;3,3
Minaçu;2011;5,3;5,4;;5,3;4,2;4,1;;4,1
Minaçu;2013;5,6;7;;5,8;4,8;4,7;;4,7
Minaçu;2015;5,9;6,6;;6;5,3;4,7;;4,9
Minaçu;2017;6,1;6,6;    ;6,2;4,6;5,3;    ;5
Mineiros;2005;4,3;4,5;;4,5;2,9;3,5;;3,3
Mineiros;2007;4,5;4,8;;4,6;2,7;3,8;;3,7
Mineiros;2009;4,9;4,4;;4,7;2,5;3,6;;3,6
Mineiros;2011;5,5;4,8;;5,5;2,2;3,9;;3,9
Mineiros;2013;6;7;;6;;5,4;;5,3
Mineiros;2015;6,2;5,8;;6,2;;5;;5
Mineiros;2017;6,5;6;    ;6,5;    ;5,7;    ;5,7
Moiporá;2005;;;;;;;;
Moiporá;2007;3,9;;;4;;4,7;;4,7
Moiporá;2009;4;;;4,1;;;;
Moiporá;2011;;;;;;;;
Moiporá;2013;;;;;;;;
Moiporá;2015;;;;;;;;
Moiporá;2017;    ;    ;    ;    ;    ;6,3;    ;6,3
Monte Alegre de Goiás;2005;;3,6;;3,4;;3;;3
Monte Alegre de Goiás;2007;2,9;2,7;;2,8;;2,8;;2,8
Monte Alegre de Goiás;2009;3,8;4,1;;4,2;;3,5;;3,5
Monte Alegre de Goiás;2011;4,8;5,3;;4,9;;3,5;;3,4
Monte Alegre de Goiás;2013;4,7;;;4,7;;4,6;;4,6
Monte Alegre de Goiás;2015;4,4;;;4,4;;4,6;;4,6
Monte Alegre de Goiás;2017;4,6;    ;    ;4,6;    ;4,3;    ;4,3
Montes Claros de Goiás;2005;4,1;;;4,3;3,7;3,5;;3,5
Montes Claros de Goiás;2007;4,4;3,7;;4,3;4,3;3,7;;4,1
Montes Claros de Goiás;2009;4,3;4,3;;4,3;4,3;4,3;;4,4
Montes Claros de Goiás;2011;;;;;4,6;3,9;;4,4
Montes Claros de Goiás;2013;5,5;5,6;;5,5;4,7;5,6;;4,8
Montes Claros de Goiás;2015;6,1;;;6,1;;;;
Montes Claros de Goiás;2017;6,1;5,6;    ;6;5,5;5,5;    ;5,5
Montividiu;2005;3,3;;;3,3;3,7;;;3,7
Montividiu;2007;3,8;;;3,8;3,8;;;3,8
Montividiu;2009;4,9;;;4,9;4,4;;;4,4
Montividiu;2011;5,8;;;5,8;4,5;;;4,5
Montividiu;2013;5,6;;;5,6;4,2;;;4,2
Montividiu;2015;5,8;;;5,8;4,4;;;4,4
Montividiu;2017;6,1;    ;    ;6,1;4,6;    ;    ;4,6
Montividiu do Norte;2005;;3,5;;3,4;;3,8;;3,5
Montividiu do Norte;2007;3,6;4,2;;3,8;;3,9;;3,7
Montividiu do Norte;2009;4;4,2;;4,2;;3,1;;3,1
Montividiu do Norte;2011;5;;;5;;4;;4
Montividiu do Norte;2013;4,4;6;;5;;4,5;;4,4
Montividiu do Norte;2015;5;;;5;;4,7;;4,6
Montividiu do Norte;2017;5,4;    ;    ;5,4;    ;5,1;    ;5
Morrinhos;2005;4,1;4;;4,1;;2,9;;3
Morrinhos;2007;4,3;4,1;;4,3;4;3,2;;3,4
Morrinhos;2009;4,7;4,5;;4,7;3,1;3,1;;3,1
Morrinhos;2011;5,2;5,3;;5,2;3,6;3,6;;3,5
Morrinhos;2013;5,4;5,7;;5,5;4,5;4,3;;4,3
Morrinhos;2015;5,5;5,6;;5,5;3,9;4,5;;4,3
Morrinhos;2017;6,7;6,3;    ;6,6;5,5;5;    ;5,1
Morro Agudo de Goiás;2005;;;;;;3,7;;3,7
Morro Agudo de Goiás;2007;;4,3;;4,2;;4;;4
Morro Agudo de Goiás;2009;4,7;;;4,8;;3,7;;3,7
Morro Agudo de Goiás;2011;4,4;;;4,4;;4,2;;4,2
Morro Agudo de Goiás;2013;6,6;;;6,6;;4,9;;4,9
Morro Agudo de Goiás;2015;5,8;;;5,8;;4,7;;4,7
Morro Agudo de Goiás;2017;6;    ;    ;6;    ;5,2;    ;5,2
Mossâmedes;2005;;4,5;;4,3;;4,2;;4,1
Mossâmedes;2007;;4,2;;4,2;;3,9;;3,8
Mossâmedes;2009;5;4,9;;5;;4,5;;4,4
Mossâmedes;2011;6,2;5,2;;5,7;;5,3;;5,3
Mossâmedes;2013;6,6;6,7;;6,6;;5,6;;5,6
Mossâmedes;2015;;;;;;5,4;;5,4
Mossâmedes;2017;7,3;6,6;    ;7,1;    ;6,1;    ;6,1
Mozarlândia;2005;3,3;4,5;;4;;3,3;;3,3
Mozarlândia;2007;4;4,5;;4,3;4,1;3,4;;3,5
Mozarlândia;2009;4,3;4,9;;4,5;4;3,3;;3,6
Mozarlândia;2011;4,9;4,4;;4,8;4,1;3,5;;3,7
Mozarlândia;2013;5,2;;;5,2;3,4;4,1;;3,8
Mozarlândia;2015;5,2;;;5,2;4,2;4,8;;4,6
Mozarlândia;2017;5,6;    ;    ;5,6;4,5;5,3;    ;4,9
Mundo Novo;2005;3,1;3,2;;3,1;;3,3;;3,3
Mundo Novo;2007;3,6;3,3;;3,6;;3,4;;3,4
Mundo Novo;2009;4,5;4,7;;4,5;;4;;4
Mundo Novo;2011;4,8;;;4,9;;3,6;;3,6
Mundo Novo;2013;5,7;;;5,7;;4,8;;4,8
Mundo Novo;2015;5,5;;;5,4;;4,7;;4,7
Mundo Novo;2017;6;5,2;    ;5,8;    ;4,6;    ;4,6
Mutunópolis;2005;3,7;;;3,7;;3,5;;3,5
Mutunópolis;2007;4,5;;;4,5;;3,7;;3,7
Mutunópolis;2009;5,4;5,4;;5,4;;3,6;;3,6
Mutunópolis;2011;5;;;5;;4,2;;4,2
Mutunópolis;2013;5,8;;;5,8;;4,7;;4,7
Mutunópolis;2015;5,3;;;5,3;;4,9;;4,9
Mutunópolis;2017;6,1;    ;    ;6,1;    ;5,5;    ;5,5
Nazário;2005;4,5;4,2;;4,4;;4;;4
Nazário;2007;4,2;3,6;;4,2;;3,2;;3,2
Nazário;2009;4,8;5,1;;4,9;;4,2;;4,2
Nazário;2011;5,1;;;5,1;;3,7;;3,7
Nazário;2013;5,5;5,7;;5,6;;4,5;;4,5
Nazário;2015;5,8;5,5;;5,7;;4,3;;4,3
Nazário;2017;6,1;6,1;    ;6,1;    ;4,3;    ;4,3
Nerópolis;2005;4,2;3,9;;4,2;4;3,4;;3,6
Nerópolis;2007;5,1;4,2;;4,9;4;3,8;;3,9
Nerópolis;2009;5,1;4,4;;5;4,1;3,6;;3,9
Nerópolis;2011;5,2;;;5,2;4,6;4,2;;4,4
Nerópolis;2013;5,6;;;5,6;4,7;5;;4,9
Nerópolis;2015;5,5;;;5,5;4,9;4,7;;4,8
Nerópolis;2017;5,8;    ;    ;5,8;4,7;5,4;    ;5,1
Niquelândia;2005;3,4;3,9;;3,6;3,5;3,6;;3,6
Niquelândia;2007;3,8;4;;3,9;3,5;3,6;;3,6
Niquelândia;2009;4,2;5,1;;4,5;3,5;3,7;;3,6
Niquelândia;2011;4,9;5,5;;5,1;3,5;4,1;;3,9
Niquelândia;2013;4,9;6,1;;5,2;3,5;4,4;;4,3
Niquelândia;2015;5,1;6,5;;5,5;4,5;5,1;;4,9
Niquelândia;2017;5,6;6,5;    ;5,8;4,6;5,3;    ;5,2
Nova América;2005;4,3;;;4,3;;3,4;;3,3
Nova América;2007;4,2;;;4,2;;4,1;;4
Nova América;2009;5,1;;;5,1;;4;;4
Nova América;2011;6;;;6;;5,4;;5,4
Nova América;2013;6,8;;;6,8;;4,6;;4,6
Nova América;2015;5,9;;;5,9;;5,3;;5,3
Nova América;2017;5,8;    ;    ;5,8;    ;6;    ;6
Nova Aurora;2005;;;;;;3,9;;
Nova Aurora;2007;;4,5;;4,5;;3,5;;3,5
Nova Aurora;2009;;5,5;;5,5;;;;
Nova Aurora;2011;;5,1;;5,1;;4,7;;4,7
Nova Aurora;2013;;5,9;;5,9;;5,4;;5,4
Nova Aurora;2015;;5,9;;5,9;;4,2;;4,2
Nova Aurora;2017;    ;6,8;    ;6,8;    ;5,1;    ;5,1
Nova Crixás;2005;3;3,5;;3,2;;2,7;;2,6
Nova Crixás;2007;3,5;3,2;;3,4;2,9;2,9;;2,8
Nova Crixás;2009;3,6;3,6;;3,6;3,6;3,5;;3,6
Nova Crixás;2011;4,5;4,7;;4,5;3,5;3,3;;3,4
Nova Crixás;2013;4,5;;;4,5;4,2;4,5;;4,4
Nova Crixás;2015;4,7;;;4,7;4,5;4,5;;4,5
Nova Crixás;2017;5,1;    ;    ;5,1;4,1;4,9;    ;4,4
Nova Glória;2005;;4,4;;4,5;;4,2;;4,2
Nova Glória;2007;4,9;4,7;;4,8;;3,9;;3,9
Nova Glória;2009;;4,4;;4,3;;4,3;;4,3
Nova Glória;2011;4,9;6;;6;;4,1;;4,1
Nova Glória;2013;5;6,6;;5,9;;4,6;;4,6
Nova Glória;2015;;6,9;;6,9;;5,1;;5,1
Nova Glória;2017;6,7;5,7;    ;6,2;    ;4,9;    ;4,9
Nova Iguaçu de Goiás;2005;4,1;;;4,1;;4,1;;4,1
Nova Iguaçu de Goiás;2007;4,5;;;4,5;;4;;4
Nova Iguaçu de Goiás;2009;5,1;;;5,1;;4,3;;4,3
Nova Iguaçu de Goiás;2011;5,9;;;5,9;;4,3;;4,3
Nova Iguaçu de Goiás;2013;6,1;;;6,1;;4,5;;4,5
Nova Iguaçu de Goiás;2015;6,6;;;6,6;;4,9;;4,9
Nova Iguaçu de Goiás;2017;6,3;    ;    ;6,3;    ;5,3;    ;5,3
Nova Roma;2005;2,9;;;2,9;;3,1;;3
Nova Roma;2007;4,4;;;4,4;;3,7;;3,7
Nova Roma;2009;4,2;;;4,2;;3,3;;3,4
Nova Roma;2011;5,4;;;5,4;;3,9;;3,9
Nova Roma;2013;4,6;;;4,6;;4,4;;4,3
Nova Roma;2015;4,6;;;4,6;;4,8;;4,8
Nova Roma;2017;5,2;    ;    ;5,2;    ;4,7;    ;4,6
Nova Veneza;2005;4,5;4,5;;4,5;;3,5;;3,5
Nova Veneza;2007;4,9;5,1;;4,9;;3,5;;3,5
Nova Veneza;2009;4,9;5,7;;5,1;;4,1;;4,1
Nova Veneza;2011;5,6;4,8;;5,4;;4,7;;4,7
Nova Veneza;2013;5;;;5;;4,7;;4,7
Nova Veneza;2015;5,3;;;5,3;;5,1;;5,1
Nova Veneza;2017;5,8;    ;    ;5,8;    ;5,5;    ;5,5
Novo Brasil;2005;4,8;;;4,7;;3,5;;3,5
Novo Brasil;2007;;5;;5;;4,1;;4,1
Novo Brasil;2009;;5,6;;5,6;;3,8;;3,8
Novo Brasil;2011;4,4;;;4,4;;4,3;;4,3
Novo Brasil;2013;4,6;;;4,7;;5,1;;5,1
Novo Brasil;2015;5,6;;;5,6;;4,6;;4,6
Novo Brasil;2017;6,2;    ;    ;6,2;    ;5,1;    ;5,1
Novo Gama;2005;3,8;;;3,8;;3,2;;3,2
Novo Gama;2007;3,4;;;3,4;;2,8;;2,8
Novo Gama;2009;4,6;;;4,6;;2,7;;2,7
Novo Gama;2011;4,8;;;4,8;;3,1;;3,1
Novo Gama;2013;5;;;5;;3,7;;3,7
Novo Gama;2015;4,6;;;4,6;;3,8;;3,8
Novo Gama;2017;5;    ;    ;5;    ;4,4;    ;4,4
Novo Planalto;2005;3,5;;;3,5;;3,3;;3,3
Novo Planalto;2007;4;;;4;;2,8;;2,8
Novo Planalto;2009;3,7;;;3,7;;4,1;;4,1
Novo Planalto;2011;4,3;;;4,3;;4,3;;4,3
Novo Planalto;2013;3,9;;;3,9;;4,6;;4,6
Novo Planalto;2015;4,7;;;4,7;;4,6;;4,6
Novo Planalto;2017;4,9;    ;    ;4,9;    ;4,9;    ;4,9
Orizona;2005;;4,5;;4,6;;3,6;;3,9
Orizona;2007;4,4;4,8;;4,7;4,6;3,5;;4,2
Orizona;2009;5,3;5,2;;5,1;5,1;4,1;;4,6
Orizona;2011;5,6;6,2;;5,8;5,6;4,5;;4,8
Orizona;2013;5,8;6,6;;6;5,6;4,9;;5
Orizona;2015;6;6,3;;6,1;5,3;5,3;;5,3
Orizona;2017;6,3;7,2;    ;6,6;5,1;6;    ;5,6
Ouro Verde de Goiás;2005;4,6;;;4,6;;4,1;;4,1
Ouro Verde de Goiás;2007;4,7;;;4,7;4,8;3,2;;3,7
Ouro Verde de Goiás;2009;5,2;;;5,3;4,6;3;;3,8
Ouro Verde de Goiás;2011;5,8;;;5,8;5;4,3;;4,7
Ouro Verde de Goiás;2013;5,5;;;5,5;5;;;5
Ouro Verde de Goiás;2015;5,5;;;5,5;4,9;;;4,8
Ouro Verde de Goiás;2017;6,2;    ;    ;6,2;5,4;    ;    ;5,4
Ouvidor;2005;;4,5;;4,5;;4,4;;
Ouvidor;2007;5,4;5,2;;5,3;;3,8;;3,8
Ouvidor;2009;6;5,5;;5,7;;3,3;;3,3
Ouvidor;2011;5,9;5;;5;;4,5;;4,5
Ouvidor;2013;6,9;6,1;;6,6;;4,3;;4,3
Ouvidor;2015;6,8;6;;6,5;;4,5;;4,5
Ouvidor;2017;6,9;6,8;    ;6,9;    ;5,3;    ;5,3
Padre Bernardo;2005;3,3;;;3,4;3;2,7;;3
Padre Bernardo;2007;3,3;;;3,3;3,1;2,7;;3
Padre Bernardo;2009;3,8;;;3,7;3,4;2,5;;3,2
Padre Bernardo;2011;4,2;;;4,2;3,6;2,6;;3,3
Padre Bernardo;2013;4,9;;;4,9;3,9;3,8;;3,9
Padre Bernardo;2015;4,5;;;4,5;4,3;3,6;;4,2
Padre Bernardo;2017;5;    ;    ;5;4,5;4,8;    ;4,6
Palestina de Goiás;2005;;;;;;3,2;;3,2
Palestina de Goiás;2007;5,6;;;5,6;;3,6;;3,7
Palestina de Goiás;2009;5;;;5;;4,2;;4,2
Palestina de Goiás;2011;4,8;;;4,8;;3,8;;3,8
Palestina de Goiás;2013;5,2;;;5,2;;4,8;;4,8
Palestina de Goiás;2015;5,5;;;5,5;;5;;5
Palestina de Goiás;2017;6;    ;    ;6;    ;5;    ;5
Palmeiras de Goiás;2005;4,6;3,7;;4,1;3,5;3,5;;3,5
Palmeiras de Goiás;2007;4,6;4,2;;4,4;4,3;3,5;;3,7
Palmeiras de Goiás;2009;5;4,4;;4,8;4,9;3,2;;3,8
Palmeiras de Goiás;2011;5,5;5,6;;5,6;5,2;3,6;;4
Palmeiras de Goiás;2013;5,7;5,4;;5,7;5,2;4,1;;4,4
Palmeiras de Goiás;2015;5,6;5,2;;5,5;5;4,7;;4,8
Palmeiras de Goiás;2017;6,3;4,9;    ;6,2;5,6;4,7;    ;5
Palmelo;2005;;4,3;;4,3;;3,8;;3,8
Palmelo;2007;;3,9;;3,9;;3,7;;3,7
Palmelo;2009;;4,8;;4,8;;4,2;;4,2
Palmelo;2011;5,6;5,8;;5,8;;;;
Palmelo;2013;5,5;6,4;;5,9;;4,3;;4,3
Palmelo;2015;;;;;;4,2;;4,2
Palmelo;2017;5,7;6,5;    ;6,1;    ;5,1;    ;5,1
Palminópolis;2005;4,1;;;4,1;;3,6;;3,6
Palminópolis;2007;4,3;;;4,3;;4,6;;4,6
Palminópolis;2009;5,3;;;5,3;;4,5;;4,5
Palminópolis;2011;6,2;;;6,2;;4,6;;4,6
Palminópolis;2013;5,8;;;5,8;;5,2;;5,2
Palminópolis;2015;6,2;;;6,2;;5,3;;5,3
Palminópolis;2017;7;    ;    ;7;    ;4,9;    ;4,9
Panamá;2005;4,6;;;4,6;;2,9;;2,9
Panamá;2007;4,6;;;4,6;;3,6;;3,6
Panamá;2009;4,9;;;4,9;;4;;4
Panamá;2011;5,1;;;5,1;;2,9;;2,9
Panamá;2013;6;;;6;;4,7;;4,7
Panamá;2015;5,9;;;5,9;;5;;5
Panamá;2017;5,8;    ;    ;5,8;    ;4,9;    ;4,9
Paranaiguara;2005;4;4,3;;4,1;;4;;
Paranaiguara;2007;4,6;3,3;;4,4;;3,9;;3,9
Paranaiguara;2009;5,4;4,4;;5,1;;3,9;;3,9
Paranaiguara;2011;5,2;5,1;;5,2;;4,2;;4,2
Paranaiguara;2013;6,1;6,5;;6,2;;5,2;;5,2
Paranaiguara;2015;6,4;5,2;;6,2;;5,4;;5,4
Paranaiguara;2017;7;    ;    ;7;    ;5,7;    ;5,7
Paraúna;2005;3,5;4,3;;3,8;;3,5;;3,6
Paraúna;2007;4,6;4;;4,5;;3,1;;3,2
Paraúna;2009;5,2;4,4;;4,8;;3,3;;3,4
Paraúna;2011;5,3;4,8;;5,2;5,2;4,2;;4,4
Paraúna;2013;5,6;5,8;;5,6;;4,7;;4,6
Paraúna;2015;6,2;5,7;;6,1;;4,9;;4,9
Paraúna;2017;6,1;6,2;    ;6,1;5,5;4,7;    ;4,9
Perolândia;2005;4;;;4;;3,1;;3,1
Perolândia;2007;4,3;;;4,3;;4,6;;4,6
Perolândia;2009;4,3;;;4,3;;4,2;;4,2
Perolândia;2011;4,5;;;4,5;;3,4;;3,4
Perolândia;2013;5,5;;;5,5;;6,2;;6,2
Perolândia;2015;5,8;;;5,8;;5,2;;5,2
Perolândia;2017;6,6;    ;    ;6,6;    ;6,2;    ;6,2
Petrolina de Goiás;2005;4,2;;;4,2;;3,5;;3,5
Petrolina de Goiás;2007;4,6;;;4,6;;3,5;;3,5
Petrolina de Goiás;2009;5,2;;;5,2;;3,5;;3,5
Petrolina de Goiás;2011;5,8;;;5,8;;4,2;;4,2
Petrolina de Goiás;2013;6,1;;;6,1;;4,4;;4,4
Petrolina de Goiás;2015;6,3;;;6,3;;4,2;;4,2
Petrolina de Goiás;2017;6;    ;    ;6;    ;4,4;    ;4,4
Pilar de Goiás;2005;;;;;;3,4;;3,4
Pilar de Goiás;2007;;;;;;3,9;;3,9
Pilar de Goiás;2009;;4,7;;4,7;;3,2;;3,3
Pilar de Goiás;2011;;5,1;;5,2;;3,7;;3,8
Pilar de Goiás;2013;;;;;;4,9;;4,9
Pilar de Goiás;2015;4,8;;;4,8;;4;;4,1
Pilar de Goiás;2017;5,5;    ;    ;5,5;    ;4,9;    ;4,9
Piracanjuba;2005;4;4,1;;4;3,7;3,6;;3,7
Piracanjuba;2007;3,8;4,7;;4,3;4,1;4,2;;4,1
Piracanjuba;2009;4,6;5,1;;4,8;4,2;3,5;;3,8
Piracanjuba;2011;;5,6;;5,5;4,4;4;;4,2
Piracanjuba;2013;;6,6;;6,5;4,8;5,1;;4,9
Piracanjuba;2015;;6,4;;6,3;4,4;4,7;;4,5
Piracanjuba;2017;5,5;6,6;    ;6,2;4,6;5,5;    ;5
Piranhas;2005;4,1;4,5;;4,3;3,5;3,8;;3,6
Piranhas;2007;4;4,8;;4,2;3,7;3,9;;3,8
Piranhas;2009;5;5,1;;5;3,6;4,4;;4
Piranhas;2011;5,3;4,9;;5,1;4,2;5,1;;4,5
Piranhas;2013;6,1;6,3;;6,1;4,5;4,8;;4,6
Piranhas;2015;5,5;5,6;;5,6;4,5;;;4,8
Piranhas;2017;5,9;6,6;    ;6,2;5;5;    ;5
Pirenópolis;2005;4,1;4,5;;4,3;;3,7;;3,7
Pirenópolis;2007;4,4;4,4;;4,4;;3,7;;3,7
Pirenópolis;2009;4,3;4,8;;4,5;;4;;4
Pirenópolis;2011;5;4,9;;4,9;;4,2;;4,2
Pirenópolis;2013;4,7;;;4,7;;4,5;;4,5
Pirenópolis;2015;5,3;;;5,3;;4,9;;4,9
Pirenópolis;2017;5,6;    ;    ;5,6;    ;4,9;    ;4,9
Pires do Rio;2005;4,4;3,4;;4,2;;3,2;;3,2
Pires do Rio;2007;4,1;3,5;;4;;3,5;;3,5
Pires do Rio;2009;4,4;4,2;;4,4;;3,5;;3,5
Pires do Rio;2011;5,3;;;5,3;;4;;4
Pires do Rio;2013;5,6;6,8;;5,8;;4,2;;4,2
Pires do Rio;2015;5,7;6,5;;5,8;;4,5;;4,5
Pires do Rio;2017;5,6;7,6;    ;5,8;    ;5,1;    ;5,1
Planaltina;2005;3,4;;;3,4;3,1;3;;3
Planaltina;2007;3,5;;;3,5;3,2;3;;3,1
Planaltina;2009;3,7;;;3,7;3,4;3,2;;3,4
Planaltina;2011;4,2;;;4,2;3,4;3,3;;3,4
Planaltina;2013;4,4;;;4,4;3,5;4,1;;3,8
Planaltina;2015;5;;;5;3,9;4,3;;4
Planaltina;2017;5,2;    ;    ;5,2;4;4,6;    ;4,2
Pontalina;2005;4;4,5;;4,1;;4,1;;3,9
Pontalina;2007;4,8;4,9;;4,8;4,1;3,9;;3,9
Pontalina;2009;4,7;5,6;;5;4,7;4,2;;4,2
Pontalina;2011;4,9;6,3;;5,3;4,6;4,1;;4,2
Pontalina;2013;5,7;7;;6,1;4,6;5,1;;4,9
Pontalina;2015;5,6;7,3;;5,9;4,6;5,8;;5,3
Pontalina;2017;5,9;6,6;    ;6;4,9;6,1;    ;5,6
Porangatu;2005;3,5;4,6;;3,8;3,5;3,5;;3,4
Porangatu;2007;3,5;4,5;;3,7;3,5;3,4;;3,4
Porangatu;2009;3,9;4,9;;4,1;3,4;3,9;;3,6
Porangatu;2011;4,8;5,4;;4,9;3,4;4;;3,7
Porangatu;2013;4,7;5,9;;4,9;3,5;4,7;;4,1
Porangatu;2015;5;6,2;;5,1;4,2;5,4;;4,9
Porangatu;2017;5,3;6,6;    ;5,5;4,4;5,6;    ;5,1
Porteirão;2005;4,2;;;4,2;;3;;3
Porteirão;2007;3,8;;;3,8;;3;;3
Porteirão;2009;3,6;;;3,6;;3;;3
Porteirão;2011;4,7;;;4,7;;3,5;;3,5
Porteirão;2013;5,6;;;5,6;;4,3;;4,3
Porteirão;2015;5,7;;;5,7;;3,8;;3,8
Porteirão;2017;6,1;    ;    ;6,1;    ;4,7;    ;4,7
Portelândia;2005;;3,5;;3,5;;2,9;;2,9
Portelândia;2007;4,1;3,9;;3,9;;2,2;;2,2
Portelândia;2009;;4,5;;3,5;;3;;3
Portelândia;2011;4,7;;;4,7;;4,7;;4,7
Portelândia;2013;5,8;;;5,8;;4,8;;4,8
Portelândia;2015;5,4;;;5,4;;4,8;;4,8
Portelândia;2017;5,1;    ;    ;5,1;    ;5,4;    ;5,4
Posse;2005;3,4;3,8;;3,6;4;3,4;;3,7
Posse;2007;3,8;4,1;;3,9;4,7;3,8;;4,2
Posse;2009;4,6;4,7;;4,7;4,4;3,8;;3,9
Posse;2011;5,8;5,7;;5,7;4,5;4,1;;4,3
Posse;2013;5,9;6;;5,9;4,8;5,1;;4,9
Posse;2015;5,9;5,8;;5,9;5,3;4,8;;5
Posse;2017;6,5;6,5;    ;6,5;5,5;5,7;    ;5,6
Professor Jamil;2005;;4,3;;4,3;;3,7;;3,7
Professor Jamil;2007;;4;;4;;4,2;;4,2
Professor Jamil;2009;;5,1;;5,1;;3,9;;3,9
Professor Jamil;2011;;5,4;;5,4;;4,1;;4,1
Professor Jamil;2013;;6,4;;6,4;;5,5;;5,5
Professor Jamil;2015;;5,7;;5,7;;5,1;;5,1
Professor Jamil;2017;    ;6,6;    ;6,6;    ;6,2;    ;6,2
Quirinópolis;2005;4,1;3,7;;4,2;4;3,4;;
Quirinópolis;2007;4,3;4;;4,3;4,4;3,5;;4
Quirinópolis;2009;5,1;4,9;;5,1;4,7;3,7;;4,3
Quirinópolis;2011;6,2;5,1;;6;5,1;3,8;;4,6
Quirinópolis;2013;6,4;6,5;;6,4;4,4;5;;4,7
Quirinópolis;2015;6,5;6,3;;6,4;5,2;5,3;;5,2
Quirinópolis;2017;6,7;6,4;    ;6,7;5,4;5,8;    ;5,7
Rialma;2005;5,2;;;5,1;;3,7;;3,7
Rialma;2007;4,2;4,2;;4,2;;4;;4
Rialma;2009;5,5;4,9;;5,4;;4,1;;4,1
Rialma;2011;5,9;;;5,9;;4;;4
Rialma;2013;6;;;6;;4,7;;4,7
Rialma;2015;6,4;;;6,4;;4,8;;4,8
Rialma;2017;6,4;    ;    ;6,4;    ;5,4;    ;5,4
Rianápolis;2005;4;4;;4,1;;3,4;;3,4
Rianápolis;2007;4,7;3,2;;3,9;;3,3;;3,3
Rianápolis;2009;4,9;3,8;;4,6;;4,2;;4,2
Rianápolis;2011;5,2;;;5,2;;4;;4
Rianápolis;2013;6,3;;;6,3;;4,8;;4,8
Rianápolis;2015;6,3;;;6,2;;4,8;;4,8
Rianápolis;2017;6,8;    ;    ;6,8;    ;5,7;    ;5,7
Rio Quente;2005;3,7;;;3,7;;3,1;;3,3
Rio Quente;2007;4,3;;;4,3;;3,1;;3,4
Rio Quente;2009;4,6;;;4,6;;3,6;;3,8
Rio Quente;2011;5;;;5;;4,1;;4,2
Rio Quente;2013;5,2;;;5,2;;4;;4,2
Rio Quente;2015;5,6;;;5,6;;5;;4,9
Rio Quente;2017;5,4;    ;    ;5,4;4,6;5,3;    ;5,1
Rio Verde;2005;4,6;4,2;;4,6;4,1;3,6;;3,8
Rio Verde;2007;4,8;4,2;;4,7;4,1;3,7;;3,9
Rio Verde;2009;5,7;4,9;;5,7;4,6;3,9;;4,2
Rio Verde;2011;6;;;6;4,6;4,2;;4,4
Rio Verde;2013;6,8;5,3;;6,8;4,8;5;;4,9
Rio Verde;2015;6,9;;;6,9;5;5,3;;5,2
Rio Verde;2017;7,1;5,8;    ;7,1;5,5;5,5;    ;5,5
Rubiataba;2005;4,8;4,3;;4,5;4,6;3,7;;3,9
Rubiataba;2007;5;4,7;;4,8;5;3,8;;4,1
Rubiataba;2009;5,6;5,5;;5,6;5;3,9;;4,3
Rubiataba;2011;6,6;6,3;;6,5;5,1;4,9;;5
Rubiataba;2013;7,3;6,4;;6,9;5,7;5,7;;5,7
Rubiataba;2015;6,9;6,4;;6,7;5,9;5,5;;5,7
Rubiataba;2017;7,5;6,7;    ;7,2;6,2;5,8;    ;6
Sanclerlândia;2005;4,9;4,1;;4,3;;3,2;;3,2
Sanclerlândia;2007;5;3,9;;4,4;;4,3;;4,3
Sanclerlândia;2009;5,6;5,7;;5,6;;4,6;;4,6
Sanclerlândia;2011;6,7;6,1;;6,2;;5;;5
Sanclerlândia;2013;6,3;;;6,3;;5,5;;5,5
Sanclerlândia;2015;;6,1;;6;;5,6;;5,6
Sanclerlândia;2017;    ;7;    ;7;    ;5,7;    ;5,7
Santa Bárbara de Goiás;2005;4,4;3,6;;4,1;;3,2;;3,2
Santa Bárbara de Goiás;2007;4,6;3,2;;4,2;;3,5;;3,5
Santa Bárbara de Goiás;2009;5,1;5;;5,1;;3,4;;3,4
Santa Bárbara de Goiás;2011;5,3;4;;5,2;;3,9;;3,9
Santa Bárbara de Goiás;2013;6,3;;;6,3;;4,4;;4,4
Santa Bárbara de Goiás;2015;6,7;;;6,7;;4,6;;4,6
Santa Bárbara de Goiás;2017;6,9;    ;    ;6,9;    ;5;    ;5
Santa Cruz de Goiás;2005;2,8;;;3;;3,7;;3,7
Santa Cruz de Goiás;2007;4,4;4;;4,3;;3,5;;3,5
Santa Cruz de Goiás;2009;;;;;;4,1;;4,1
Santa Cruz de Goiás;2011;5,3;;;5,3;;3,9;;3,9
Santa Cruz de Goiás;2013;5,7;;;5,7;;4,7;;4,7
Santa Cruz de Goiás;2015;5,6;;;5,6;;4,6;;4,6
Santa Cruz de Goiás;2017;5,5;    ;    ;5,5;    ;5,2;    ;5,2
Santa Fé de Goiás;2005;3,8;;;3,9;;3,5;;3,5
Santa Fé de Goiás;2007;3,9;4,4;;4;;3,8;;3,8
Santa Fé de Goiás;2009;4;4,6;;4,2;;3,6;;3,6
Santa Fé de Goiás;2011;5;;;5;;3,8;;3,8
Santa Fé de Goiás;2013;5,9;;;5,9;;4,1;;4,1
Santa Fé de Goiás;2015;5,6;;;5,6;;4,1;;4,1
Santa Fé de Goiás;2017;6,7;    ;    ;6,7;    ;4,9;    ;4,9
Santa Helena de Goiás;2005;3,7;4,4;;4;;3,2;;3,2
Santa Helena de Goiás;2007;3,9;3,8;;3,9;;3,3;;3,3
Santa Helena de Goiás;2009;4,8;4,9;;4,9;;3,5;;3,5
Santa Helena de Goiás;2011;5,1;5,5;;5,2;;4;;4
Santa Helena de Goiás;2013;5,6;6,3;;5,6;;4,6;;4,6
Santa Helena de Goiás;2015;5,8;6,3;;5,9;;4,7;;4,7
Santa Helena de Goiás;2017;6,1;6;    ;6,1;    ;5,1;    ;5,1
Santa Isabel;2005;;3,9;;3,9;;;;
Santa Isabel;2007;;5,3;;5,3;;;;
Santa Isabel;2009;;5,8;;5,8;;4,2;;4,2
Santa Isabel;2011;;5,9;;6;;3,7;;3,7
Santa Isabel;2013;;7;;7;;5,8;;5,8
Santa Isabel;2015;;;;;;5,7;;5,7
Santa Isabel;2017;6,3;    ;    ;6,3;    ;6;    ;6
Santa Rita do Araguaia;2005;3,6;4,5;;4,1;;;;
Santa Rita do Araguaia;2007;3,2;4,6;;4,3;;3,5;;3,5
Santa Rita do Araguaia;2009;4,2;5;;4,6;;4,1;;4,1
Santa Rita do Araguaia;2011;5,5;;;5,5;;3,9;;3,9
Santa Rita do Araguaia;2013;5,6;;;5,6;;5;;5
Santa Rita do Araguaia;2015;5,2;;;5,2;;4,9;;4,9
Santa Rita do Araguaia;2017;6;    ;    ;6;    ;5,7;    ;5,7
Santa Rita do Novo Destino;2005;;;;;;3,2;;3,2
Santa Rita do Novo Destino;2007;;4,1;;4,1;;4,6;;4,6
Santa Rita do Novo Destino;2009;;5,1;;4,9;;4,1;;4,1
Santa Rita do Novo Destino;2011;;4,9;;5,2;;4,1;;4,1
Santa Rita do Novo Destino;2013;5,3;;;5,3;;5,3;;5,3
Santa Rita do Novo Destino;2015;;;;;;5,3;;5,3
Santa Rita do Novo Destino;2017;7;    ;    ;7;    ;5,7;    ;5,7
Santa Rosa de Goiás;2005;4,9;4,2;;4,6;;3,6;;3,6
Santa Rosa de Goiás;2007;4,1;;;4,2;;4,1;;4,1
Santa Rosa de Goiás;2009;5,4;;;5,5;;4,5;;4,5
Santa Rosa de Goiás;2011;5,4;;;5,4;;4,7;;4,7
Santa Rosa de Goiás;2013;5,8;;;5,8;;5,1;;5,1
Santa Rosa de Goiás;2015;5,8;;;5,8;;5,1;;5,1
Santa Rosa de Goiás;2017;6,9;    ;    ;6,9;    ;5,5;    ;5,5
Santa Tereza de Goiás;2005;3,8;;;3,9;;3,1;;3,2
Santa Tereza de Goiás;2007;4,2;4,2;;4,3;;3,3;;3,4
Santa Tereza de Goiás;2009;4,5;;;4,5;3,8;3,4;;3,6
Santa Tereza de Goiás;2011;4,5;;;4,5;4,1;4;;4,1
Santa Tereza de Goiás;2013;5,2;;;5,3;4,4;4,5;;4,4
Santa Tereza de Goiás;2015;5,1;;;5,1;4,8;5,2;;5
Santa Tereza de Goiás;2017;5,9;6,7;    ;6,1;    ;5,7;    ;5,5
Santa Terezinha de Goiás;2005;4;3,9;;4;;2,9;;3
Santa Terezinha de Goiás;2007;4;4,3;;4,2;4,1;3,6;;3,7
Santa Terezinha de Goiás;2009;5,2;4,7;;4,9;;3,4;;3,5
Santa Terezinha de Goiás;2011;5,9;5,1;;5,6;4,9;4;;4,2
Santa Terezinha de Goiás;2013;5,5;;;5,5;6,1;4,5;;4,8
Santa Terezinha de Goiás;2015;5,5;;;5,5;5,6;4,6;;5
Santa Terezinha de Goiás;2017;5,9;    ;    ;5,9;5,6;5,1;    ;5,4
Santo Antônio da Barra;2005;3,5;;;3,5;;3,5;;3,5
Santo Antônio da Barra;2007;3,8;;;3,8;;3,9;;3,9
Santo Antônio da Barra;2009;4;;;4;;3;;3
Santo Antônio da Barra;2011;5,1;;;5,1;;3,5;;3,5
Santo Antônio da Barra;2013;5,7;;;5,7;;4,7;;4,7
Santo Antônio da Barra;2015;5,6;;;5,6;;4,8;;4,8
Santo Antônio da Barra;2017;6,4;    ;    ;6,4;    ;5,1;    ;5,1
Santo Antônio de Goiás;2005;3,6;3,6;;3,6;;3,6;;3,6
Santo Antônio de Goiás;2007;4,3;4,1;;4,2;;3,4;;3,4
Santo Antônio de Goiás;2009;4,7;4,6;;4,6;;3,7;;3,7
Santo Antônio de Goiás;2011;5,4;5;;5,2;;4,3;;4,3
Santo Antônio de Goiás;2013;;;;;;4,4;;4,4
Santo Antônio de Goiás;2015;5,4;;;5,4;;3,9;;3,9
Santo Antônio de Goiás;2017;6,3;    ;    ;6,3;    ;5,2;    ;5,2
Santo Antônio do Descoberto;2005;3,2;;;3,2;;3,4;;3,3
Santo Antônio do Descoberto;2007;3,4;;;3,4;3,6;3,3;;3,4
Santo Antônio do Descoberto;2009;3,9;;;3,9;3,6;2,9;;3,3
Santo Antônio do Descoberto;2011;3,9;;;3,9;3,9;3,7;;3,8
Santo Antônio do Descoberto;2013;4,3;;;4,3;3,6;3,7;;3,6
Santo Antônio do Descoberto;2015;4,4;;;4,4;3,7;3,7;;3,7
Santo Antônio do Descoberto;2017;4,6;    ;    ;4,6;4,1;4,3;    ;4,2
São Domingos;2005;2,8;3,2;;3,3;;3;;3,1
São Domingos;2007;3,1;3,7;;3,5;2,7;3,4;;3,3
São Domingos;2009;3,2;4,3;;4;;3,9;;3,9
São Domingos;2011;;5,2;;5,3;;4,1;;4,3
São Domingos;2013;5,2;5,3;;5,2;3,3;5;;4,5
São Domingos;2015;5,1;4,9;;5;4,1;4,9;;4,8
São Domingos;2017;5,3;5,9;    ;5,4;4,7;5,6;    ;5,3
São Francisco de Goiás;2005;3,8;;;3,8;;3,6;;3,6
São Francisco de Goiás;2007;4,7;;;4,7;;3,8;;3,8
São Francisco de Goiás;2009;4,8;;;4,8;;3,8;;3,8
São Francisco de Goiás;2011;4,9;;;4,9;;4,6;;4,6
São Francisco de Goiás;2013;6,3;;;6,3;;5;;5
São Francisco de Goiás;2015;7,1;;;7,1;;5,8;;5,8
São Francisco de Goiás;2017;7;    ;    ;7;    ;6;    ;6
São João d'Aliança;2005;3,8;4,2;;3,9;;3,4;;3,3
São João d'Aliança;2007;3,4;4,4;;3,6;;3,7;;3,7
São João d'Aliança;2009;;4,2;;3,6;;3,9;;3,8
São João d'Aliança;2011;3,7;;;3,7;;4,2;;3,9
São João d'Aliança;2013;4,4;;;4,4;;4,6;;4,4
São João d'Aliança;2015;4,7;;;4,7;;4,8;;4,7
São João d'Aliança;2017;4,7;    ;    ;4,7;    ;5;    ;4,9
São João da Paraúna;2005;;;;;;3,9;;3,9
São João da Paraúna;2007;4,8;4,6;;4,4;;3,9;;3,9
São João da Paraúna;2009;;;;;;3,9;;3,9
São João da Paraúna;2011;4,7;;;4,7;;4,1;;4,1
São João da Paraúna;2013;;;;;;;;
São João da Paraúna;2015;5,9;;;5,9;;4,7;;4,7
São João da Paraúna;2017;6,4;    ;    ;6,4;    ;5;    ;5
São Luis de Montes Belos;2005;4,3;3,7;;4,3;;2,9;;2,9
São Luis de Montes Belos;2007;4,3;;;4,3;;3,5;;3,5
São Luis de Montes Belos;2009;5,1;4,7;;5,1;4,3;3,6;;3,7
São Luis de Montes Belos;2011;6;;;6;4;4,3;;4,3
São Luis de Montes Belos;2013;6,3;;;6,3;4,2;5;;4,8
São Luis de Montes Belos;2015;6,2;;;6,2;5,2;4,8;;4,9
São Luis de Montes Belos;2017;6,4;    ;    ;6,4;5;5,3;    ;5,3
São Luiz do Norte;2005;3,8;;;3,8;;3;;3,1
São Luiz do Norte;2007;6;;;6;;3,2;;3,3
São Luiz do Norte;2009;5,2;;;5,2;;2,8;;2,9
São Luiz do Norte;2011;7;;;;;3,8;;
São Luiz do Norte;2013;5,8;;;5,8;;4,7;;4,7
São Luiz do Norte;2015;5,7;;;5,7;;4,6;;4,6
São Luiz do Norte;2017;6,3;    ;    ;6,3;    ;4,8;    ;4,9
São Miguel do Araguaia;2005;4,1;3,7;;4;;3,3;;3,2
São Miguel do Araguaia;2007;4,2;3,7;;4,2;;3,4;;3,4
São Miguel do Araguaia;2009;5;;;5;;3,7;;3,7
São Miguel do Araguaia;2011;5,5;;;5,5;;4,2;;4,1
São Miguel do Araguaia;2013;6,4;;;6,4;;4,8;;4,7
São Miguel do Araguaia;2015;6,2;;;6,2;;4,9;;4,9
São Miguel do Araguaia;2017;6,4;    ;    ;6,4;    ;5,4;    ;5,3
São Miguel do Passa Quatro;2005;3,9;4,1;;4,1;;4,3;;4,3
São Miguel do Passa Quatro;2007;4,1;5,2;;4,4;4,2;4,1;;4
São Miguel do Passa Quatro;2009;4,1;;;4,1;;3,3;;3,6
São Miguel do Passa Quatro;2011;4,6;;;4,6;;4,3;;4,2
São Miguel do Passa Quatro;2013;5,3;;;5,3;;4,9;;4,6
São Miguel do Passa Quatro;2015;5,5;;;5,5;5,1;4,8;;4,9
São Miguel do Passa Quatro;2017;4,7;    ;    ;4,7;4,8;4,9;    ;4,8
São Patrício;2005;4,4;;;4,4;;3,9;;3,9
São Patrício;2007;4,6;;;4,6;;4,4;;4,4
São Patrício;2009;5;;;5;;4,4;;4,4
São Patrício;2011;5,6;;;5,6;;4,3;;4,3
São Patrício;2013;6,1;;;6,1;;5,2;;5,2
São Patrício;2015;5,8;;;5,8;;5,4;;5,4
São Patrício;2017;6,4;    ;    ;6,4;    ;5,6;    ;5,6
São Simão;2005;4,5;4,6;;4,5;4,3;3,4;;
São Simão;2007;5;3,9;;4,8;5,5;3,6;;4,5
São Simão;2009;5,3;4,6;;5,2;4,3;3,4;;3,9
São Simão;2011;5,6;;;5,5;4,9;3,7;;4,4
São Simão;2013;5,9;;;5,9;4,9;5,3;;5
São Simão;2015;5,6;;;5,6;4,7;4,2;;4,5
São Simão;2017;6,4;    ;    ;6,4;5,4;4,9;    ;5,2
Senador Canedo;2005;3,4;;;3,4;3;3,4;;3,2
Senador Canedo;2007;3,5;3,6;;3,5;3,1;2,8;;3
Senador Canedo;2009;4;;;4;3,6;3,1;;3,5
Senador Canedo;2011;4,6;;;4,6;3,6;3,3;;3,6
Senador Canedo;2013;5;;;5;3,9;3,8;;3,9
Senador Canedo;2015;5,3;5,1;;5,3;4,3;4,3;;4,3
Senador Canedo;2017;5,6;5,9;    ;5,6;4,2;4,8;    ;4,2
Serranópolis;2005;4;4,2;;4;4;3,1;;3,6
Serranópolis;2007;4,3;;;4,3;;3,5;;3,6
Serranópolis;2009;4,9;;;4,9;;3,6;;3,7
Serranópolis;2011;6;;;6;;4,5;;4,6
Serranópolis;2013;5,7;;;5,7;;5,3;;5,3
Serranópolis;2015;5,7;;;5,7;;5,8;;5,8
Serranópolis;2017;5,5;    ;    ;5,5;    ;6,1;    ;6
Silvânia;2005;4;4,1;;4,1;;3,6;;3,7
Silvânia;2007;4,3;4;;4,2;;3;;3,3
Silvânia;2009;4,9;4,9;;4,9;;3,8;;4,1
Silvânia;2011;5,6;5,9;;5,7;4,1;4,6;;4,5
Silvânia;2013;5,9;;;5,9;4,7;5,3;;5,1
Silvânia;2015;5,8;;;5,8;;4,7;;4,8
Silvânia;2017;6,1;    ;    ;6,1;    ;5,7;    ;5,5
Simolândia;2005;2,9;;;2,9;;3,5;;3,5
Simolândia;2007;3,6;;;3,5;;4;;4
Simolândia;2009;3,6;;;3,6;;3,4;;3,4
Simolândia;2011;4,8;;;4,8;;4,3;;4,3
Simolândia;2013;5,1;;;5,1;;3,7;;3,7
Simolândia;2015;4,7;;;4,7;;5,1;;5,1
Simolândia;2017;5;    ;    ;5;    ;5;    ;5
Sítio d'Abadia;2005;;;;;;3,3;;3,2
Sítio d'Abadia;2007;;3,6;;3,8;;3,1;;3,1
Sítio d'Abadia;2009;;4,6;;5;;3,3;;3,3
Sítio d'Abadia;2011;;;;;;4,2;;4,2
Sítio d'Abadia;2013;;5,6;;5,6;;4,6;;4,6
Sítio d'Abadia;2015;;;;;;;;
Sítio d'Abadia;2017;5,5;    ;    ;5,5;    ;5,3;    ;5,3
Taquaral de Goiás;2005;4,7;3,5;;4,1;;3,9;;3,9
Taquaral de Goiás;2007;4;;;4,1;;3,9;;3,9
Taquaral de Goiás;2009;4,8;;;4,8;;4;;3,7
Taquaral de Goiás;2011;5,1;;;5,1;;4,4;;4,1
Taquaral de Goiás;2013;5,5;;;5,5;4,1;4,4;;4,3
Taquaral de Goiás;2015;5,5;;;5,5;;4,5;;4,5
Taquaral de Goiás;2017;6;    ;    ;6;    ;5,9;    ;5,6
Teresina de Goiás;2005;;3,5;;3;;;;
Teresina de Goiás;2007;;3,8;;3,2;;3,1;;3,1
Teresina de Goiás;2009;3,6;3,3;;3,6;;3,4;;3,4
Teresina de Goiás;2011;3;4,2;;3,3;;3,6;;3,6
Teresina de Goiás;2013;4,9;;;4,9;;4,3;;4,3
Teresina de Goiás;2015;4,3;;;4,3;;4,3;;4,3
Teresina de Goiás;2017;4,8;    ;    ;4,8;    ;4,9;    ;5
Terezópolis de Goiás;2005;3,7;4,9;;3,8;;;;
Terezópolis de Goiás;2007;3,9;;;3,9;;3,4;;3,4
Terezópolis de Goiás;2009;4,5;;;4,5;;2,8;;2,8
Terezópolis de Goiás;2011;4,8;;;4,8;;3,3;;3,3
Terezópolis de Goiás;2013;5,3;;;5,3;;3,8;;3,8
Terezópolis de Goiás;2015;4,7;;;4,7;;4,1;;4,1
Terezópolis de Goiás;2017;5,4;    ;    ;5,4;    ;4,5;    ;4,5
Três Ranchos;2005;;4,7;;4,7;;;;
Três Ranchos;2007;;4,5;;4,6;;4;;4
Três Ranchos;2009;5,7;5,1;;5,5;;3,1;;3,1
Três Ranchos;2011;6,7;;;6,7;;5,3;;5,3
Três Ranchos;2013;7,3;;;7,3;;5,8;;5,8
Três Ranchos;2015;6,4;;;6,4;;5,9;;5,9
Três Ranchos;2017;6,5;    ;    ;6,5;    ;5,4;    ;5,4
Trindade;2005;3,9;3,8;;3,9;3,6;3,1;;3,1
Trindade;2007;4,1;4,3;;4,2;3,8;3,3;;3,4
Trindade;2009;4,4;4,9;;4,6;3,6;3,7;;3,7
Trindade;2011;4,8;5,1;;5;;4,2;;4,1
Trindade;2013;5,2;5,7;;5,4;4,2;4,5;;4,5
Trindade;2015;5,5;5,9;;5,6;4,5;4,5;;4,5
Trindade;2017;5,7;6,4;    ;5,8;4,7;5,3;    ;5,2
Trombas;2005;3,8;;;3,8;;3,4;;3,3
Trombas;2007;4,9;;;4,9;;3,8;;3,6
Trombas;2009;5,2;;;5,2;;3,7;;3,7
Trombas;2011;4,8;;;4,8;;4,1;;4,1
Trombas;2013;4,9;;;4,9;;4,9;;4,9
Trombas;2015;5;;;5;;4,5;;4,5
Trombas;2017;5,4;    ;    ;5,4;    ;5,2;    ;5,2
Turvânia;2005;;3,8;;3,7;;3,6;;3,6
Turvânia;2007;;3,4;;3,4;;3,6;;3,6
Turvânia;2009;5,1;4,5;;4,8;;4;;4
Turvânia;2011;4,8;5,2;;5,1;;4;;4
Turvânia;2013;6;6,6;;6,2;;4,4;;4,4
Turvânia;2015;6;;;6;;5,5;;5,5
Turvânia;2017;6,3;    ;    ;6,3;    ;5,6;    ;5,6
Turvelândia;2005;3,1;;;3,1;;2,9;;3,1
Turvelândia;2007;3,7;;;3,7;4,2;3,5;;3,8
Turvelândia;2009;3,9;;;3,9;4,2;3,3;;4
Turvelândia;2011;4,2;;;4,2;4,5;4;;4,3
Turvelândia;2013;4,8;;;4,8;4,8;4,3;;4,7
Turvelândia;2015;5,2;;;5,2;4,8;4,4;;4,7
Turvelândia;2017;5,7;    ;    ;5,7;4,8;4,9;    ;4,8
Uirapuru;2005;3,8;;;3,8;;;;
Uirapuru;2007;5,2;;;5,2;4,5;;;4
Uirapuru;2009;4,4;;;4,4;4,4;3,3;;3,7
Uirapuru;2011;4,8;;;4,8;;;;
Uirapuru;2013;4,9;;;4,9;4,8;;;4,9
Uirapuru;2015;4,4;;;4,4;4,3;;;4,3
Uirapuru;2017;5,3;    ;    ;5,3;5;4,5;    ;4,8
Uruaçu;2005;4;4,3;;4,2;;3,7;;3,7
Uruaçu;2007;4,3;4,5;;4,4;3,9;3,5;;3,6
Uruaçu;2009;4,6;5;;4,8;4,1;3,8;;3,9
Uruaçu;2011;5;5,3;;5,1;4,1;4,3;;4,3
Uruaçu;2013;5,5;6,4;;5,9;4,1;4,8;;4,7
Uruaçu;2015;5,6;6,1;;5,8;4,9;4,8;;4,8
Uruaçu;2017;6,3;6,7;    ;6,4;4,9;5,2;    ;5,2
Uruana;2005;;4,7;;4,7;;3,9;;3,9
Uruana;2007;;3,9;;3,9;;3,8;;3,8
Uruana;2009;5,2;5,2;;5,2;;4,4;;4,3
Uruana;2011;5,4;5,4;;5,4;;3,5;;3,5
Uruana;2013;5,8;6,3;;6;5,5;5,4;;5,4
Uruana;2015;5,9;6,9;;6,2;5,7;5,2;;5,3
Uruana;2017;6,4;6,5;    ;6,5;5,2;5,7;    ;5,6
Urutaí;2005;5;;;5,1;;;;
Urutaí;2007;3,8;3,9;;3,9;;4,5;;4,5
Urutaí;2009;5;;;5;;4,1;;4,1
Urutaí;2011;5,7;;;5,7;;4,1;;4,1
Urutaí;2013;5,1;;;5,1;;4,8;;4,8
Urutaí;2015;5,3;;;5,3;;5,4;;5,4
Urutaí;2017;6,5;    ;    ;6,5;    ;5,3;    ;5,3
Valparaíso de Goiás;2005;3,5;;;3,5;3,8;3,5;;3,6
Valparaíso de Goiás;2007;3,6;;;3,6;3,6;3,2;;3,4
Valparaíso de Goiás;2009;4,3;;;4,3;3,8;3;;3,5
Valparaíso de Goiás;2011;4,6;;;4,6;3,9;3,5;;3,7
Valparaíso de Goiás;2013;5;;;5;3,9;4,1;;4
Valparaíso de Goiás;2015;4,9;;;4,9;3,9;4,5;;4,1
Valparaíso de Goiás;2017;5,2;    ;    ;5,2;4,1;5,1;    ;4,4
Varjão;2005;;4,5;;4,1;;3,4;;3,4
Varjão;2007;3,9;3,8;;3,9;;2,7;;2,7
Varjão;2009;4,1;4,8;;4,1;;3,5;;3,5
Varjão;2011;5,2;;;5,2;;3,6;;3,6
Varjão;2013;5,3;;;5,3;;5;;5
Varjão;2015;4,2;;;4,2;;4,7;;4,7
Varjão;2017;5,3;    ;    ;5,3;    ;5;    ;5
Vianópolis;2005;5;3,9;;4,2;;3,1;;3,6
Vianópolis;2007;4,2;3,9;;4,1;4,9;4,1;;4,3
Vianópolis;2009;4,8;5,1;;5,1;;3,5;;3,8
Vianópolis;2011;5,5;5,2;;5,4;;4,9;;4,9
Vianópolis;2013;5,8;6,5;;5,9;;5,5;;5,4
Vianópolis;2015;6;5,9;;6;;5,5;;5,4
Vianópolis;2017;6,5;5,5;    ;6,4;    ;5,5;    ;5,4
Vicentinópolis;2005;3,3;;;3,6;3,4;3,7;;3,5
Vicentinópolis;2007;4,4;4,5;;4,4;3,8;3,6;;3,7
Vicentinópolis;2009;4,9;4,4;;4,8;3,7;3;;3,5
Vicentinópolis;2011;5,2;5,3;;5,3;4,8;4,3;;4,6
Vicentinópolis;2013;5,5;5,6;;5,5;4,5;5,3;;4,7
Vicentinópolis;2015;6,1;5,4;;6;5,7;5,3;;5,6
Vicentinópolis;2017;6,7;6,8;    ;6,7;5,5;6,9;    ;5,8
Vila Boa;2005;4,1;;;4,1;;3,9;;3,9
Vila Boa;2007;3,5;;;3,5;3,7;3,2;;3,5
Vila Boa;2009;3,6;;;3,6;4;2,9;;3,6
Vila Boa;2011;4;;;4;4,6;3,6;;4,2
Vila Boa;2013;4,3;;;4,3;4,1;4,1;;4,1
Vila Boa;2015;4,6;;;4,6;4,3;;;4,3
Vila Boa;2017;5;    ;    ;5;4,1;4,1;    ;4,1
Vila Propício;2005;3,6;;;3,6;;3,6;;3,6
Vila Propício;2007;4;;;4;;3,1;;3,1
Vila Propício;2009;4,9;;;4,9;;4,1;;4,1
Vila Propício;2011;5;;;5;;3,8;;3,8
Vila Propício;2013;5,6;;;5,6;;5;;5
Vila Propício;2015;5,8;;;5,8;;5,4;;5,4
Vila Propício;2017;7;    ;    ;7;    ;5,4;    ;5,4
