Localidade;Ano;IDM Infraestrutura;Cobertura da rede de água tratada;Cobertura da rede de energia elétrica;Cobertura da rede de esgoto;Cobertura da rede de telefonia fixa e internet
Abadia de Goiás;2012;4,3675;6,33;5,05;3,31;2,78
Abadia de Goiás;2014;4,9175;6,65;5,87;3,25;3,9
Abadia de Goiás;2016;5,1725;6,53;6,74;3,1;4,32
Abadia de Goiás;2018;5,4525;6,4;7,99;2,98;4,44
Abadiânia;2012;3,06;3,56;2,01;5,05;1,62
Abadiânia;2014;3,04;3,39;2,09;4,82;1,86
Abadiânia;2016;2,73;3,04;2,17;4,17;1,54
Abadiânia;2018;2,5075;2,9;2,06;3,75;1,32
Acreúna;2012;3,42;4,33;3,68;2,45;3,22
Acreúna;2014;3,5975;4,95;3,81;2,36;3,27
Acreúna;2016;3,7175;4,93;4,06;2,06;3,82
Acreúna;2018;3,7025;4,97;4,33;2,52;2,99
Adelândia;2012;3,1075;7,22;3,71;0;1,5
Adelândia;2014;3,49;7,69;3,87;0;2,4
Adelândia;2016;3,225;7,2;4;0;1,7
Adelândia;2018;3,3875;7,13;4,65;0,01;1,76
Água Fria de Goiás;2012;1,695;3,53;1,95;0;1,3
Água Fria de Goiás;2014;1,7525;3,88;2;0;1,13
Água Fria de Goiás;2016;1,6675;3,81;2,17;0;0,69
Água Fria de Goiás;2018;1,5375;3,82;1,74;0;0,59
Água Limpa;2012;3,2125;6,64;4,08;0;2,13
Água Limpa;2014;3,225;6,86;4,3;0;1,74
Água Limpa;2016;2,58;6,63;2,02;0;1,67
Água Limpa;2018;3,4675;6,72;5,24;0;1,91
Águas Lindas de Goiás;2012;2,515;4,4;3,43;0;2,23
Águas Lindas de Goiás;2014;2,84;5,23;4,01;0;2,12
Águas Lindas de Goiás;2016;3,035;5,31;4,29;0;2,54
Águas Lindas de Goiás;2018;3,39;5,72;4,75;0,18;2,91
Alexânia;2012;2,79;5,2;3,91;0;2,05
Alexânia;2014;3,115;5,73;4,23;0;2,5
Alexânia;2016;3,08;5,42;4,33;0;2,57
Alexânia;2018;3,0225;5,3;4,42;0;2,37
Aloândia;2012;3,8;8,49;4,69;0;2,02
Aloândia;2014;3,7375;8,45;4,67;0;1,83
Aloândia;2016;3,655;8,25;4,85;0;1,52
Aloândia;2018;3,8125;8,08;5,73;0;1,44
Alto Horizonte;2012;2,98;6,88;3,25;0;1,79
Alto Horizonte;2014;3,39;7,59;3,78;0;2,19
Alto Horizonte;2016;3,265;6,88;3,94;0;2,24
Alto Horizonte;2018;2,975;6,34;4,22;0;1,34
Alto Paraíso de Goiás;2012;3,71;6,83;3,24;0;4,77
Alto Paraíso de Goiás;2014;4,035;6,94;3,38;0;5,82
Alto Paraíso de Goiás;2016;4,015;6,79;3,55;0;5,72
Alto Paraíso de Goiás;2018;4,5;7,32;3,96;0;6,72
Alvorada do Norte;2012;2,915;6,62;3,12;0,28;1,64
Alvorada do Norte;2014;3,2675;6,98;3,4;0,27;2,42
Alvorada do Norte;2016;3,1925;6,63;3,49;0,24;2,41
Alvorada do Norte;2018;3,3775;6,57;4,09;0,22;2,63
Amaralina;2012;0,8725;1,77;1,04;0;0,68
Amaralina;2014;0,875;1,75;1,08;0;0,67
Amaralina;2016;1,0375;1,96;1,23;0;0,96
Amaralina;2018;1,1075;1,92;1,16;0;1,35
Americano do Brasil;2012;3,1975;6,61;4,09;0;2,09
Americano do Brasil;2014;3,2925;6,61;4,2;0;2,36
Americano do Brasil;2016;3,2225;6,34;4,44;0;2,11
Americano do Brasil;2018;3,525;6,94;4,93;0;2,23
Amorinópolis;2012;3,1775;7,27;3,99;0;1,45
Amorinópolis;2014;3,1675;7,29;3,98;0;1,4
Amorinópolis;2016;3,035;6,97;4,17;0;1
Amorinópolis;2018;2,96;7,21;3,81;0;0,82
Anápolis;2012;5,1375;5,89;4,45;4,4;5,81
Anápolis;2014;5,48;6,33;4,72;4,85;6,02
Anápolis;2016;5,3675;6,12;4,94;4,55;5,86
Anápolis;2018;5,4425;6,22;5,53;4,41;5,61
Anhanguera;2012;4,735;10;5,19;0;3,75
Anhanguera;2014;4,7675;9,67;5,08;0;4,32
Anhanguera;2016;4,8375;9,81;5,62;0;3,92
Anhanguera;2018;5,5975;9,42;6,38;0;6,59
Anicuns;2012;3,985;6,05;3,42;3,6;2,87
Anicuns;2014;4,0375;6,07;3,43;3,52;3,13
Anicuns;2016;3,7975;5,62;3,5;3,31;2,76
Anicuns;2018;3,6975;5,64;3,79;3,07;2,29
Aparecida de Goiânia;2012;3,615;2,73;4,1;1,58;6,05
Aparecida de Goiânia;2014;3,8025;3,13;4,21;1,66;6,21
Aparecida de Goiânia;2016;3,97;3,24;4,36;1,61;6,67
Aparecida de Goiânia;2018;4,34;3,45;4,77;2,07;7,07
Aparecida do Rio Doce;2012;6,14;7,75;3,84;10;2,97
Aparecida do Rio Doce;2014;6,2575;8,48;4,29;10;2,26
Aparecida do Rio Doce;2016;6,025;7,99;4,48;9,65;1,98
Aparecida do Rio Doce;2018;6,4725;8,7;4,92;10;2,27
Aporé;2012;2,8325;6,42;3,02;0;1,89
Aporé;2014;2,99;6,74;3,14;0;2,08
Aporé;2016;2,7475;6,27;3,2;0;1,52
Aporé;2018;2,7925;6,43;3,68;0;1,06
Araçu;2012;3,575;7,8;4,33;0;2,17
Araçu;2014;3,7525;8,17;4,61;0;2,23
Araçu;2016;3,9125;8,08;4,8;0;2,77
Araçu;2018;4,34;8,03;5,91;0;3,42
Aragarças;2012;3,5925;7,14;4,06;0;3,17
Aragarças;2014;3,7475;7,23;4,14;0;3,62
Aragarças;2016;3,7525;6,89;4,3;0;3,82
Aragarças;2018;3,6625;6,8;4,77;0;3,08
Aragoiânia;2012;2,7;4,17;4,14;0;2,49
Aragoiânia;2014;2,925;4,66;4,77;0;2,27
Aragoiânia;2016;3,0075;5,27;4,98;0;1,78
Aragoiânia;2018;3,1075;4,95;5,99;0;1,49
Araguapaz;2012;3,5075;4,88;2,91;5,15;1,09
Araguapaz;2014;3,735;5,19;3,02;5,09;1,64
Araguapaz;2016;3,5875;5,11;3,22;4,53;1,49
Araguapaz;2018;3,73;5,12;3,82;4,19;1,79
Arenópolis;2012;2,95;6,26;3,75;0;1,79
Arenópolis;2014;3,455;6,61;3,98;0;3,23
Arenópolis;2016;3,675;6,62;4,27;0;3,81
Arenópolis;2018;3,7825;6,98;4,51;0;3,64
Aruanã;2012;3,5675;6,94;5,11;0;2,22
Aruanã;2014;4,43;7,67;5,49;1,94;2,62
Aruanã;2016;4,7375;7,42;5,57;3,15;2,81
Aruanã;2018;4,9375;7,27;6,26;3,13;3,09
Aurilândia;2012;3,795;7,81;4,12;0;3,25
Aurilândia;2014;3,9125;7,95;4,28;0;3,42
Aurilândia;2016;4,08;7,7;4,52;0;4,1
Aurilândia;2018;4,1675;7,68;5,2;0;3,79
Avelinópolis;2012;3,22;7,11;3,45;0;2,32
Avelinópolis;2014;3,78;7,6;3,88;0;3,64
Avelinópolis;2016;3,57;7,24;4,05;0;2,99
Avelinópolis;2018;3,92;7,61;4,96;0,01;3,1
Baliza;2012;0,4675;1,32;0,38;0;0,17
Baliza;2014;0,485;1,48;0,28;0;0,18
Baliza;2016;0,465;1,48;0,29;0;0,09
Baliza;2018;0,535;1,44;0,7;0;0
Barro Alto;2012;2,625;5,56;3,18;0;1,76
Barro Alto;2014;2,71;5,78;3,3;0;1,76
Barro Alto;2016;2,5475;5,34;3,36;0;1,49
Barro Alto;2018;2,505;5,3;2,99;0;1,73
Bela Vista de Goiás;2012;3,64;4,11;3,7;3,82;2,93
Bela Vista de Goiás;2014;3,965;4,65;4,05;3,93;3,23
Bela Vista de Goiás;2016;4,3675;5,3;4,62;3,98;3,57
Bela Vista de Goiás;2018;4,785;5,43;5,13;3,83;4,75
Bom Jardim de Goiás;2012;2,6975;5,72;3,28;0;1,79
Bom Jardim de Goiás;2014;2,8775;6,2;3,31;0;2
Bom Jardim de Goiás;2016;2,94;5,74;3,52;0;2,5
Bom Jardim de Goiás;2018;3,1075;5,78;4,17;0;2,48
Bom Jesus de Goiás;2012;4,215;5,63;3,8;3,95;3,48
Bom Jesus de Goiás;2014;5,2275;5,53;3,86;7,83;3,69
Bom Jesus de Goiás;2016;5,16;5,28;4;7,98;3,38
Bom Jesus de Goiás;2018;5,4225;5,49;4,51;7,65;4,04
Bonfinópolis;2012;3,3675;6,96;4,14;0;2,37
Bonfinópolis;2014;3,5525;7,52;4,49;0;2,2
Bonfinópolis;2016;3,5625;7,19;4,54;0;2,52
Bonfinópolis;2018;3,795;7,24;5,26;0;2,68
Bonópolis;2012;1,1875;2,08;1,75;0;0,92
Bonópolis;2014;1,1075;1,94;1,58;0;0,91
Bonópolis;2016;0,99;1,67;1,63;0;0,66
Bonópolis;2018;0,9775;1,68;1,19;0;1,04
Brazabrantes;2012;3,7375;7,75;3,88;0;3,32
Brazabrantes;2014;4,0375;8,53;4,41;0;3,21
Brazabrantes;2016;4,2075;8,44;4,62;0;3,77
Brazabrantes;2018;4,4225;8,68;4,68;0;4,33
Britânia;2012;4,0925;7;4,81;2,34;2,22
Britânia;2014;5,395;7,2;5,33;6,54;2,51
Britânia;2016;5,47;6,83;5,71;7,2;2,14
Britânia;2018;5,4975;6,7;5,07;6,83;3,39
Buriti Alegre;2012;5,1025;8,61;5,19;1,81;4,8
Buriti Alegre;2014;5,4275;9,11;5,8;1,83;4,97
Buriti Alegre;2016;5,3725;9,13;6,23;1,63;4,5
Buriti Alegre;2018;5,65;9,27;7,11;1,47;4,75
Buriti de Goiás;2012;3,935;9,33;4,67;0;1,74
Buriti de Goiás;2014;3,9975;9,57;5,07;0;1,35
Buriti de Goiás;2016;4,0625;9,15;5,33;0;1,77
Buriti de Goiás;2018;3,97;9,32;4,87;0;1,69
Buritinópolis;2012;1,9375;4,28;2,39;0;1,08
Buritinópolis;2014;1,9975;4,22;2,35;0;1,42
Buritinópolis;2016;1,665;3,92;2,25;0;0,49
Buritinópolis;2018;1,89;4,25;2,91;0;0,4
Cabeceiras;2012;2,44;5,42;3,18;0;1,16
Cabeceiras;2014;2,4575;5,66;3,37;0;0,8
Cabeceiras;2016;2,33;5,39;3,5;0;0,43
Cabeceiras;2018;2,8025;5,44;3,58;0;2,19
Cachoeira Alta;2012;2,57;5,16;2,69;0;2,43
Cachoeira Alta;2014;2,5625;5,4;2,84;0;2,01
Cachoeira Alta;2016;2,6075;5,46;3,19;0;1,78
Cachoeira Alta;2018;2,7;5,3;3,81;0;1,69
Cachoeira de Goiás;2012;3,1175;5,54;3,85;0,08;3
Cachoeira de Goiás;2014;3,2825;5,27;4,11;0,08;3,67
Cachoeira de Goiás;2016;3,2175;4,75;4,74;0,07;3,31
Cachoeira de Goiás;2018;3,15;4,52;5,46;0,06;2,56
Cachoeira Dourada;2012;4,59;4,11;4,22;4,91;5,12
Cachoeira Dourada;2014;4,94;4,5;4,61;4,89;5,76
Cachoeira Dourada;2016;4,965;4,7;4,76;4,61;5,79
Cachoeira Dourada;2018;4,9825;4,86;3,83;4,46;6,78
Caçu;2012;4,81;5,38;2,78;7,77;3,31
Caçu;2014;5;5,29;2,85;7,5;4,36
Caçu;2016;4,995;5,33;3,23;7,03;4,39
Caçu;2018;4,8625;5,25;3,72;6,66;3,82
Caiapônia;2012;4,1975;6,3;3,09;5,4;2
Caiapônia;2014;4,1025;6,16;3,03;5,13;2,09
Caiapônia;2016;4,3675;5,69;3,11;7,03;1,64
Caiapônia;2018;4,265;5,81;3,44;6,41;1,4
Caldas Novas;2012;6,015;5,2;7,99;4,46;6,41
Caldas Novas;2014;5,87;4,95;8,35;4,26;5,92
Caldas Novas;2016;5,6525;4,44;8,88;3,68;5,61
Caldas Novas;2018;5,635;4,23;9,71;3,31;5,29
Caldazinha;2012;1,96;3,66;2,62;0;1,56
Caldazinha;2014;2,44;3,99;3,18;0;2,59
Caldazinha;2016;2,4775;4,43;3,31;0;2,17
Caldazinha;2018;2,5325;4,76;4,2;0;1,17
Campestre de Goiás;2012;2,1325;4,78;2,38;0;1,37
Campestre de Goiás;2014;2,28;5,06;2,56;0;1,5
Campestre de Goiás;2016;2,145;4,77;2,56;0;1,25
Campestre de Goiás;2018;2,2875;4,74;3,33;0;1,08
Campinaçu;2012;2,13;4,67;2,59;0;1,26
Campinaçu;2014;2,27;5,04;2,74;0;1,3
Campinaçu;2016;2,345;5,38;2,91;0;1,09
Campinaçu;2018;2,61;5,4;3,59;0;1,45
Campinorte;2012;2,9325;5,64;3,95;0;2,14
Campinorte;2014;3,345;6,49;4,39;0;2,5
Campinorte;2016;3,595;6,23;4,66;0;3,49
Campinorte;2018;3,88;6,21;4,89;0;4,42
Campo Alegre de Goiás;2012;2,725;5,59;2,6;0;2,71
Campo Alegre de Goiás;2014;2,7475;5,66;2,76;0;2,57
Campo Alegre de Goiás;2016;2,66;5,26;2,89;0;2,49
Campo Alegre de Goiás;2018;2,77;5,23;3,5;0;2,35
Campo Limpo de Goiás;2012;1,99;4,25;2,9;0;0,81
Campo Limpo de Goiás;2014;2,125;4,85;3,13;0;0,52
Campo Limpo de Goiás;2016;2,1775;4,95;3,21;0;0,55
Campo Limpo de Goiás;2018;2,33;4,93;3,88;0;0,51
Campos Belos;2012;4,475;6,35;3,36;5,32;2,87
Campos Belos;2014;4,745;6,72;3,7;5,51;3,05
Campos Belos;2016;5,1325;6,78;3,96;6,8;2,99
Campos Belos;2018;5,1925;6,93;4,16;6,17;3,51
Campos Verdes;2012;3,3675;6,65;4,19;0;2,63
Campos Verdes;2014;3,7875;7,65;4,79;0;2,71
Campos Verdes;2016;3,8975;8,21;5,18;0;2,2
Campos Verdes;2018;4,74;9,08;6,89;0;2,99
Carmo do Rio Verde;2012;2,7725;6;3,42;0;1,67
Carmo do Rio Verde;2014;2,9925;6,3;3,75;0;1,92
Carmo do Rio Verde;2016;2,905;5,92;3,83;0;1,87
Carmo do Rio Verde;2018;3,0575;5,77;4,38;0;2,08
Castelândia;2012;3,07;6,09;3,8;0;2,39
Castelândia;2014;3,61;7,07;4,34;0;3,03
Castelândia;2016;3,56;6,69;4,51;0;3,04
Castelândia;2018;3,8675;6,78;5,21;0;3,48
Catalão;2012;5,65;5,91;4,36;4,65;7,68
Catalão;2014;5,41;5,63;4,64;4,43;6,94
Catalão;2016;4,9025;5,06;4,97;3,08;6,5
Catalão;2018;5,2;4,82;5,46;3,45;7,07
Caturaí;2012;2,83;5,53;3,1;0;2,69
Caturaí;2014;3,1825;6,27;3,64;0;2,82
Caturaí;2016;3,1825;5,92;3,78;0;3,03
Caturaí;2018;3,255;5,96;4,52;0;2,54
Cavalcante;2012;1,525;3,52;1,59;0;0,99
Cavalcante;2014;1,6525;3,63;1,78;0;1,2
Cavalcante;2016;1,8325;3,87;1,84;0;1,62
Cavalcante;2018;2,1475;4,04;2,52;0;2,03
Ceres;2012;5,4375;7,7;4,06;4,58;5,41
Ceres;2014;6,2225;7,95;4,34;7,19;5,41
Ceres;2016;6,31;7,7;4,57;7,46;5,51
Ceres;2018;6,5725;7,67;5,39;7,18;6,05
Cezarina;2012;3,2325;6,34;3,34;0;3,25
Cezarina;2014;3,2625;6,57;3,55;0;2,93
Cezarina;2016;2,9775;6,26;3,61;0;2,04
Cezarina;2018;2,9625;6,33;3,92;0;1,6
Chapadão do Céu;2012;4,2075;4,55;2,55;5,27;4,46
Chapadão do Céu;2014;4,2425;4,33;3,4;5,03;4,21
Chapadão do Céu;2016;4,5375;6,51;3,69;4,35;3,6
Chapadão do Céu;2018;3,825;3,71;4,74;3,91;2,94
Cidade Ocidental;2012;4,7725;6,33;3,94;4,23;4,59
Cidade Ocidental;2014;5,06;7,3;4,83;3,92;4,19
Cidade Ocidental;2016;5,205;7,86;5,11;3,65;4,2
Cidade Ocidental;2018;5,3525;8,12;5,56;3,26;4,47
Cocalzinho de Goiás;2012;1,7875;2,17;3,65;0;1,33
Cocalzinho de Goiás;2014;2;2,38;3,96;0;1,66
Cocalzinho de Goiás;2016;2,0575;2,54;4,13;0;1,56
Cocalzinho de Goiás;2018;2,225;5,97;1,39;0;1,54
Colinas do Sul;2012;1,7425;3,26;3,1;0,01;0,6
Colinas do Sul;2014;1,8275;3,1;3,44;0,01;0,76
Colinas do Sul;2016;1,85;2,79;3,49;0,01;1,11
Colinas do Sul;2018;1,805;2,66;3,15;0,01;1,4
Córrego do Ouro;2012;2,88;5,56;3,2;0;2,76
Córrego do Ouro;2014;2,725;5,72;3,31;0;1,87
Córrego do Ouro;2016;2,7375;5,45;3,48;0;2,02
Córrego do Ouro;2018;2,7875;5,48;4,09;0;1,58
Corumbá de Goiás;2012;1,4925;2,66;1,87;0,19;1,25
Corumbá de Goiás;2014;1,7325;2,53;2,02;0,18;2,2
Corumbá de Goiás;2016;1,655;2,27;2,07;0,16;2,12
Corumbá de Goiás;2018;1,715;2,17;2,62;0,14;1,93
Corumbaíba;2012;4,6575;5,79;3,87;5,26;3,71
Corumbaíba;2014;5,5675;6,54;4,17;7,52;4,04
Corumbaíba;2016;5,4375;6,33;4,38;7,14;3,9
Corumbaíba;2018;5,2;6,21;4,32;6,51;3,76
Cristalina;2012;2,84;3,35;2,59;1,97;3,45
Cristalina;2014;2,8175;3,39;2,72;1,99;3,17
Cristalina;2016;2,6375;3,26;2,8;1,73;2,76
Cristalina;2018;2,9225;3,38;2,53;1,61;4,17
Cristianópolis;2012;3,7575;8,18;4,07;0;2,78
Cristianópolis;2014;4,0275;8,59;4,43;0;3,09
Cristianópolis;2016;4,075;8,59;4,9;0;2,81
Cristianópolis;2018;4,1175;8,54;5,56;0;2,37
Crixás;2012;2,1625;4,23;2,78;0;1,64
Crixás;2014;2,3175;4,31;2,98;0;1,98
Crixás;2016;2,395;4,44;3,16;0;1,98
Crixás;2018;2,3225;4,52;3,59;0;1,18
Cromínia;2012;3,41;6,75;3,73;0;3,16
Cromínia;2014;3,3525;6,93;3,89;0;2,59
Cromínia;2016;3,2625;6,8;4,1;0;2,15
Cromínia;2018;3,345;6,93;4,45;0;2
Cumari;2012;3,9225;7,6;3,96;0,01;4,12
Cumari;2014;3,86;7,6;4,14;0;3,7
Cumari;2016;3,7725;7,29;4,34;0;3,46
Cumari;2018;4,0125;7,27;5,23;0;3,55
Damianópolis;2012;2,155;4,97;2,64;0;1,01
Damianópolis;2014;2,5875;6,08;2,91;0;1,36
Damianópolis;2016;2,5225;5,93;3,1;0,01;1,05
Damianópolis;2018;2,725;6,54;3,65;0,02;0,69
Damolândia;2012;3,42;6,86;3,52;0;3,3
Damolândia;2014;3,6125;7,17;3,76;0;3,52
Damolândia;2016;3,6975;6,64;3,98;0;4,17
Damolândia;2018;4,1375;6,57;4,6;0;5,38
Davinópolis;2012;2,9875;6,72;3,51;0;1,72
Davinópolis;2014;3,17;7,06;3,76;0;1,86
Davinópolis;2016;3,225;7,29;3,96;0,01;1,64
Davinópolis;2018;3,5675;7,59;5,42;0;1,26
Diorama;2012;2,2925;5,25;2,66;0;1,26
Diorama;2014;2,4325;5,36;2,78;0;1,59
Diorama;2016;2,2525;4,91;2,8;0;1,3
Diorama;2018;2,395;4,77;3,19;0;1,62
Divinópolis de Goiás;2012;2,7025;5,7;3,54;0;1,57
Divinópolis de Goiás;2014;2,695;5,8;3,6;0;1,38
Divinópolis de Goiás;2016;2,5425;5,6;3,33;0;1,24
Divinópolis de Goiás;2018;2,6;5,82;3,61;0;0,97
Doverlândia;2012;3,065;6,39;3,03;0;2,84
Doverlândia;2014;3,2025;6,47;3,11;0;3,23
Doverlândia;2016;3,1975;6,21;3,26;0;3,32
Doverlândia;2018;3,2975;6,2;3,79;0;3,2
Edealina;2012;3,435;6,37;3,31;0;4,06
Edealina;2014;3,15;6,81;3,6;0;2,19
Edealina;2016;3,2525;7,28;4,16;0;1,57
Edealina;2018;3,42;7,4;5,23;0;1,05
Edéia;2012;3,23;6,31;3,53;0;3,08
Edéia;2014;5,4175;6,43;3,65;9,1;2,49
Edéia;2016;5,2875;6,41;3,85;8,34;2,55
Edéia;2018;5,175;6,51;4,61;7,97;1,61
Estrela do Norte;2012;3,1575;5,97;3,43;0;3,23
Estrela do Norte;2014;3,215;6,61;3,59;0;2,66
Estrela do Norte;2016;3,71;7,07;4,21;0;3,56
Estrela do Norte;2018;3,925;7,01;4,99;0;3,7
Faina;2012;1,1825;2,3;2,13;0,04;0,26
Faina;2014;1,255;2,18;2,16;0,04;0,64
Faina;2016;1,1725;1,95;2,29;0,03;0,42
Faina;2018;1,185;1,87;2,31;0,03;0,53
Fazenda Nova;2012;2,4375;4,87;3,23;0;1,65
Fazenda Nova;2014;2,265;5,06;2,53;0;1,47
Fazenda Nova;2016;2,535;4,93;3,62;0;1,59
Fazenda Nova;2018;2,67;5,4;3,86;0;1,42
Firminópolis;2012;2,7475;5,14;2,77;0;3,08
Firminópolis;2014;2,715;5,23;2,84;0;2,79
Firminópolis;2016;2,7975;5,02;2,91;0;3,26
Firminópolis;2018;2,8575;4,97;3,24;0;3,22
Flores de Goiás;2012;0,03;0,01;0;0;0,11
Flores de Goiás;2014;0,045;0;0;0;0,18
Flores de Goiás;2016;0;0;0;0;0
Flores de Goiás;2018;0,1;0;0,06;0;0,34
Formosa;2012;3,9825;5,42;3,48;3,49;3,54
Formosa;2014;4,2275;5,64;3,69;3,92;3,66
Formosa;2016;4,375;5,5;3,9;4,26;3,84
Formosa;2018;4,79;5,46;4,17;5,28;4,25
Formoso;2012;3,12;7,21;3,19;0;2,08
Formoso;2014;3,1825;6,47;3,38;0;2,88
Formoso;2016;3,35;6,48;3,57;0;3,35
Formoso;2018;3,5675;6,96;4,35;0;2,96
Gameleira de Goiás;2012;1,2125;3,25;1,38;0;0,22
Gameleira de Goiás;2014;1,44;3,49;1,54;0;0,73
Gameleira de Goiás;2016;1,3925;3,42;1,7;0;0,45
Gameleira de Goiás;2018;1,3425;3,41;1,45;0;0,51
Goianápolis;2012;2,7475;5,38;3,88;0;1,73
Goianápolis;2014;3,2025;6,58;4,45;0;1,78
Goianápolis;2016;3,4325;6,86;4,9;0;1,97
Goianápolis;2018;3,945;7,18;5,83;0;2,77
Goiandira;2012;4,545;7,8;3,96;0;6,42
Goiandira;2014;4,68;7,74;4,02;0;6,96
Goiandira;2016;4,28;7,24;4,18;0;5,7
Goiandira;2018;4,7125;7,09;4,52;0;7,24
Goianésia;2012;4,19;4,87;3,73;5,3;2,86
Goianésia;2014;4,4325;5,01;3,85;6,33;2,54
Goianésia;2016;4,35;4,7;3,96;6,65;2,09
Goianésia;2018;5,1825;4,94;4,69;6,28;4,82
Goiânia;2012;6,87;6,25;4,81;6,42;10
Goiânia;2014;7,0975;6,67;5,02;6,7;10
Goiânia;2016;7,1225;6,59;5,29;6,61;10
Goiânia;2018;7,1575;6,55;5,75;6,33;10
Goianira;2012;3,5675;4,37;4,66;1,44;3,8
Goianira;2014;4,4575;5,42;6,26;1,8;4,35
Goianira;2016;5,13;6,08;6,87;3,1;4,47
Goianira;2018;5,805;6,35;8,29;2,84;5,74
Goiás;2012;4,535;6,93;3,78;3,41;4,02
Goiás;2014;4,8775;7,14;3,96;3,83;4,58
Goiás;2016;5,04;7,02;4,23;4,04;4,87
Goiás;2018;5,4975;7,14;4,68;4,41;5,76
Goiatuba;2012;4,135;5,62;3,92;2,15;4,85
Goiatuba;2014;4,335;6,2;4,11;2,33;4,7
Goiatuba;2016;4,63;6,28;4,36;3,63;4,25
Goiatuba;2018;5,06;6,52;5,05;3,91;4,76
Gouvelândia;2012;2,45;4,43;3,51;0;1,86
Gouvelândia;2014;2,47;4,49;3,58;0;1,81
Gouvelândia;2016;2,4025;4,4;3,86;0;1,35
Gouvelândia;2018;2,2975;4,17;4,17;0;0,85
Guapó;2012;4,3975;5,79;3,41;5,26;3,13
Guapó;2014;4,745;6,77;3,82;5,19;3,2
Guapó;2016;4,605;7,08;4,07;4,74;2,53
Guapó;2018;5,4225;8,04;4,82;4,94;3,89
Guaraíta;2012;1,9375;4,6;2,61;0;0,54
Guaraíta;2014;2,1075;5,1;2,8;0;0,53
Guaraíta;2016;2,12;5,12;2,93;0;0,43
Guaraíta;2018;2,785;6,34;4,36;0;0,44
Guarani de Goiás;2012;0,855;2,41;0,81;0;0,2
Guarani de Goiás;2014;0,84;2,37;0,93;0;0,06
Guarani de Goiás;2016;0,8825;2,42;0,96;0;0,15
Guarani de Goiás;2018;1,0825;2,5;1,6;0;0,23
Guarinos;2012;1,695;3,3;2,42;0,06;1
Guarinos;2014;1,825;3,14;2,7;0,06;1,4
Guarinos;2016;1,765;2,81;2,9;0,05;1,3
Guarinos;2018;1,87;2,69;3,19;0,05;1,55
Heitoraí;2012;2,66;5,98;3,21;0;1,45
Heitoraí;2014;2,65;6,14;3,24;0;1,22
Heitoraí;2016;2,825;6,14;3,44;0;1,72
Heitoraí;2018;2,8375;6,03;3,86;0;1,46
Hidrolândia;2012;2,6075;3,17;4,13;0;3,13
Hidrolândia;2014;3,02;3,8;4,48;0;3,8
Hidrolândia;2016;3,2025;3,76;4,69;0;4,36
Hidrolândia;2018;3,445;3,79;5,35;0;4,64
Hidrolina;2012;2,745;5,88;3,49;0;1,61
Hidrolina;2014;2,8175;5,94;3,52;0;1,81
Hidrolina;2016;2,5975;5,69;3,66;0;1,04
Hidrolina;2018;3,5325;5,74;4,11;0,01;4,27
Iaciara;2012;2,0075;4,55;2,48;0;1
Iaciara;2014;2,035;4,58;2,52;0;1,04
Iaciara;2016;1,9125;4,23;2,55;0;0,87
Iaciara;2018;1,8925;4,16;2,58;0;0,83
Inaciolândia;2012;2,835;4,4;3,55;0;3,39
Inaciolândia;2014;3,4025;5,1;4,03;0;4,48
Inaciolândia;2016;3,6225;5,3;4,28;0;4,91
Inaciolândia;2018;3,8475;5,41;4,97;0;5,01
Indiara;2012;2,895;6,32;3,52;0;1,74
Indiara;2014;2,96;6,6;3,75;0;1,49
Indiara;2016;3,0375;6,53;4,05;0;1,57
Indiara;2018;3,3175;6,33;4,32;0;2,62
Inhumas;2012;4,6025;6,04;4,01;3,73;4,63
Inhumas;2014;5,1925;6,29;3,96;5,82;4,7
Inhumas;2016;5,4025;6,14;4,26;6,12;5,09
Inhumas;2018;5,635;6,32;5,11;5,85;5,26
Ipameri;2012;4,03;7,27;3,85;0;5
Ipameri;2014;3,9825;7,34;3,91;0;4,68
Ipameri;2016;4,02;6,85;4,08;0;5,15
Ipameri;2018;4,2525;6,79;3,93;0;6,29
Ipiranga de Goiás;2012;1,845;4,2;2,41;0;0,77
Ipiranga de Goiás;2014;1,8975;4,4;2,48;0;0,71
Ipiranga de Goiás;2016;1,95;4,58;2,61;0;0,61
Ipiranga de Goiás;2018;2,3425;5,01;3,58;0;0,78
Iporá;2012;5,115;8,22;4,52;2,52;5,2
Iporá;2014;5,355;8,53;4,79;2,46;5,64
Iporá;2016;5,505;8,34;5,08;3,13;5,47
Iporá;2018;5,805;8,59;5,97;3,53;5,13
Israelândia;2012;2,9625;6,69;3,9;0;1,26
Israelândia;2014;3,1275;6,9;4,09;0;1,52
Israelândia;2016;3,065;6,45;4,26;0;1,55
Israelândia;2018;2,9975;6,32;4,27;0;1,4
Itaberaí;2012;3,2775;4,9;3,44;2,27;2,5
Itaberaí;2014;4,0475;5,27;3,7;4,68;2,54
Itaberaí;2016;4,19;5,28;4,03;4,71;2,74
Itaberaí;2018;4,29;5,56;4,68;4,23;2,69
Itaguari;2012;3,135;6,91;3,99;0;1,64
Itaguari;2014;3,365;7,55;4,51;0;1,4
Itaguari;2016;3,455;7,75;4,72;0;1,35
Itaguari;2018;3,795;7,89;5,93;0;1,36
Itaguaru;2012;3,005;6,77;3,58;0;1,67
Itaguaru;2014;3,1875;7,09;3,83;0;1,83
Itaguaru;2016;3,1875;7,03;3,99;0;1,73
Itaguaru;2018;3,6975;7,05;4,93;0;2,81
Itajá;2012;3,285;6,43;3,26;0;3,45
Itajá;2014;3,41;6,56;3,4;0;3,68
Itajá;2016;3,5925;6,22;3,57;0;4,58
Itajá;2018;3,62;6,22;4,1;0;4,16
Itapaci;2012;2,5;4,58;3,53;0;1,89
Itapaci;2014;2,4325;4,56;3,79;0;1,38
Itapaci;2016;2,4975;4,16;4,07;0;1,76
Itapaci;2018;3,005;4,97;4,49;0;2,56
Itapirapuã;2012;2,8475;5,93;3,51;0;1,95
Itapirapuã;2014;3,3325;6,63;3,95;0;2,75
Itapirapuã;2016;3,7;6,95;4,36;0;3,49
Itapirapuã;2018;4,4175;7,72;5,14;0;4,81
Itapuranga;2012;5,0075;6,03;3,85;7,62;2,53
Itapuranga;2014;5,41;6,56;4,19;8,01;2,88
Itapuranga;2016;5,255;6,31;4,37;7,41;2,93
Itapuranga;2018;5,3125;6,48;4,72;7,13;2,92
Itarumã;2012;2,145;3,88;2,52;0;2,18
Itarumã;2014;2,5775;4,58;2,82;0;2,91
Itarumã;2016;2,55;4,62;3,09;0;2,49
Itarumã;2018;2,475;4,43;3,31;0;2,16
Itauçu;2012;4,875;6,35;3,26;7,62;2,27
Itauçu;2014;4,94;6,33;3,34;7,6;2,49
Itauçu;2016;4,675;5,96;3,43;6,76;2,55
Itauçu;2018;4,6425;5,83;3,58;6,31;2,85
Itumbiara;2012;6,26;5,8;4,14;6,97;8,13
Itumbiara;2014;6,685;6,16;4,35;7,7;8,53
Itumbiara;2016;6,9475;6,1;4,62;8,38;8,69
Itumbiara;2018;7,1275;6,27;5,29;8,01;8,94
Ivolândia;2012;2,2925;4,4;2,56;0;2,21
Ivolândia;2014;2,39;4,5;2,59;0;2,47
Ivolândia;2016;2,4;4,47;2,69;0;2,44
Ivolândia;2018;2,5225;5,18;3,35;0;1,56
Jandaia;2012;3,2275;5,77;3,75;0;3,39
Jandaia;2014;3,0075;5,9;3,88;0;2,25
Jandaia;2016;3,0475;5,79;4,06;0;2,34
Jandaia;2018;3,08;5,75;3,94;0;2,63
Jaraguá;2012;3,2525;5,78;3,37;1,17;2,69
Jaraguá;2014;3,6125;6,06;3,67;1,88;2,84
Jaraguá;2016;3,6175;5,95;4,02;2,04;2,46
Jaraguá;2018;3,545;5,62;4,06;1,97;2,53
Jataí;2012;5,25;6,07;3,89;5,18;5,86
Jataí;2014;5,5775;6,56;4,21;5,74;5,8
Jataí;2016;5,6475;6,29;4,32;5,44;6,54
Jataí;2018;6,325;6,57;5,03;6,22;7,48
Jaupaci;2012;3,69;7,8;3,98;0;2,98
Jaupaci;2014;3,6875;8,27;4,18;0;2,3
Jaupaci;2016;3,515;7,73;4,31;0;2,02
Jaupaci;2018;3,65;7,61;4,82;0;2,17
Jesúpolis;2012;2,9425;7,53;3,8;0;0,44
Jesúpolis;2014;3,0025;7,45;4,02;0;0,54
Jesúpolis;2016;2,8625;6,92;4,21;0;0,32
Jesúpolis;2018;2,9025;6,71;4,61;0;0,29
Joviânia;2012;5,5675;6,61;3,77;9,11;2,78
Joviânia;2014;5,5425;6,74;3,78;8,9;2,75
Joviânia;2016;5,155;6,51;3,96;8,29;1,86
Joviânia;2018;5,5675;6,73;4,66;7,87;3,01
Jussara;2012;5,285;5,79;3,89;7,32;4,14
Jussara;2014;5,3975;5,99;3,83;7,21;4,56
Jussara;2016;5,455;5,97;4,43;6,54;4,88
Jussara;2018;5,635;6;4,76;6,25;5,53
Lagoa Santa;2012;5,49;9,48;3,82;6,19;2,47
Lagoa Santa;2014;5,7475;9,5;3,95;6,46;3,08
Lagoa Santa;2016;5,9975;9,57;4,29;7,45;2,68
Lagoa Santa;2018;7,35;9,44;5,38;9,72;4,86
Leopoldo de Bulhões;2012;2,2525;4,11;2,87;0;2,03
Leopoldo de Bulhões;2014;2,28;4,22;3,07;0;1,83
Leopoldo de Bulhões;2016;2,1175;4,19;3,25;0;1,03
Leopoldo de Bulhões;2018;2,2275;4,28;3,12;0;1,51
Luziânia;2012;2,8625;2,87;3,78;0,95;3,85
Luziânia;2014;3;3,29;4;1,27;3,44
Luziânia;2016;3,0975;3,62;4,13;1,18;3,46
Luziânia;2018;2,7675;3,83;2,21;1,11;3,92
Mairipotaba;2012;2,8625;6,2;3,23;0;2,02
Mairipotaba;2014;3,4925;7,07;3,9;0;3
Mairipotaba;2016;3,2125;6,7;4,11;0;2,04
Mairipotaba;2018;3,2725;6,77;4,68;0;1,64
Mambaí;2012;2,11;4,52;2,52;0;1,4
Mambaí;2014;2,3575;4,52;2,57;0;2,34
Mambaí;2016;1,895;4,34;2,6;0;0,64
Mambaí;2018;1,88;4,32;2,83;0;0,37
Mara Rosa;2012;3,9725;5,44;2,93;5,35;2,17
Mara Rosa;2014;4,2425;5,89;3,25;5,4;2,43
Mara Rosa;2016;4,34;6,01;3,56;5,01;2,78
Mara Rosa;2018;4,88;6,61;4,27;4,99;3,65
Marzagão;2012;4,19;8,49;4,13;0;4,14
Marzagão;2014;4,165;8,48;4,36;0;3,82
Marzagão;2016;4,045;8,33;4,55;0;3,3
Marzagão;2018;4,035;8,29;5,5;0;2,35
Matrinchã;2012;2,4775;4,25;3,37;0,02;2,27
Matrinchã;2014;2,395;4,04;3,54;0,02;1,98
Matrinchã;2016;2,2125;3,63;3,77;0,02;1,43
Matrinchã;2018;2,055;3,46;3,51;0,02;1,23
Maurilândia;2012;2,885;6,21;3,38;0;1,95
Maurilândia;2014;2,8975;6,04;3,31;0;2,24
Maurilândia;2016;2,8425;5,5;3,35;0;2,52
Maurilândia;2018;2,9;5,21;3,65;0;2,74
Mimoso de Goiás;2012;1,295;3,21;1,48;0;0,49
Mimoso de Goiás;2014;2,6975;3,43;1,65;5,15;0,56
Mimoso de Goiás;2016;2,565;3,47;1,75;4,64;0,4
Mimoso de Goiás;2018;2,53;3,44;2,28;4,22;0,18
Minaçu;2012;2,9475;5,78;3,27;0;2,74
Minaçu;2014;3,04;5,9;3,41;0;2,85
Minaçu;2016;3,0325;5,75;3,59;0,23;2,56
Minaçu;2018;4,265;5,73;4,05;3,85;3,43
Mineiros;2012;5,3075;5,16;3,63;7,45;4,99
Mineiros;2014;5,3475;4,92;4;7,1;5,37
Mineiros;2016;5,125;4,41;4,34;6,15;5,6
Mineiros;2018;5,04;4,21;5,16;5,52;5,27
Moiporá;2012;3,0925;7,04;3,47;0;1,86
Moiporá;2014;3,2975;7,08;3,59;0;2,52
Moiporá;2016;3,6525;6,9;3,7;0;4,01
Moiporá;2018;3,2475;6,99;2,7;0;3,3
Monte Alegre de Goiás;2012;1;2,17;1,49;0;0,34
Monte Alegre de Goiás;2014;1,0475;2,32;1,49;0;0,38
Monte Alegre de Goiás;2016;1,055;2,27;1,51;0;0,44
Monte Alegre de Goiás;2018;1,0425;2,33;1,35;0;0,49
Montes Claros de Goiás;2012;2,395;4,18;3,82;0;1,58
Montes Claros de Goiás;2014;2,89;4,66;4,29;0;2,61
Montes Claros de Goiás;2016;3,6625;5,03;4,76;2,12;2,74
Montes Claros de Goiás;2018;4,1325;6,08;4,37;2,64;3,44
Montividiu;2012;3,66;5,13;2,82;4,12;2,57
Montividiu;2014;3,6975;5,43;3,05;3,96;2,35
Montividiu;2016;3,63;5,22;3,19;3,82;2,29
Montividiu;2018;3,515;5,14;3,68;3,44;1,8
Montividiu do Norte;2012;0,9775;1,47;0,94;0;1,5
Montividiu do Norte;2014;1,1775;2,57;0,92;0;1,22
Montividiu do Norte;2016;1,2;2,4;0,96;0;1,44
Montividiu do Norte;2018;1,3575;2,44;0,96;0;2,03
Morrinhos;2012;5,1025;7,07;3,75;5,12;4,47
Morrinhos;2014;5,535;7,27;3,93;6,35;4,59
Morrinhos;2016;5,4925;7,29;4,24;6,46;3,98
Morrinhos;2018;5,735;7,46;5,13;6,14;4,21
Morro Agudo de Goiás;2012;2,7975;6,69;3,25;0;1,25
Morro Agudo de Goiás;2014;3,0975;7,35;3,56;0;1,48
Morro Agudo de Goiás;2016;3,1925;7,38;3,94;0;1,45
Morro Agudo de Goiás;2018;3,3575;7,46;4,78;0;1,19
Mossâmedes;2012;2,305;4,63;3,1;0,06;1,43
Mossâmedes;2014;2,53;4,4;3,27;0,06;2,39
Mossâmedes;2016;2,9425;5,47;3,55;0,05;2,7
Mossâmedes;2018;2,7025;3,77;4,51;0,05;2,48
Mozarlândia;2012;2,47;4,4;3,55;0;1,93
Mozarlândia;2014;2,5775;4,46;3,78;0;2,07
Mozarlândia;2016;2,6325;4,03;4,04;0;2,46
Mozarlândia;2018;2,78;3,84;4,54;0;2,74
Mundo Novo;2012;1,6975;4,09;2,24;0;0,46
Mundo Novo;2014;1,865;4,34;2,46;0;0,66
Mundo Novo;2016;1,985;4,56;2,65;0;0,73
Mundo Novo;2018;2,63;4,75;3,53;0;2,24
Mutunópolis;2012;2,3325;5,03;2,87;0;1,43
Mutunópolis;2014;2,555;5,44;3,14;0;1,64
Mutunópolis;2016;2,59;5,23;3,3;0;1,83
Mutunópolis;2018;2,6325;5,36;3,85;0;1,32
Nazário;2012;3,7425;7,86;4,23;0;2,88
Nazário;2014;3,92;8,02;4,31;0;3,35
Nazário;2016;3,955;7,69;4,54;0;3,59
Nazário;2018;3,6975;7,57;4,12;0;3,1
Nerópolis;2012;2,995;5,33;3,56;0;3,09
Nerópolis;2014;3,225;6,01;4,14;0;2,75
Nerópolis;2016;3,045;5,56;4,32;0;2,3
Nerópolis;2018;3,37;5,35;5,17;0;2,96
Niquelândia;2012;2,58;4,94;3,32;0,01;2,05
Niquelândia;2014;3,025;5,02;3,6;1,86;1,62
Niquelândia;2016;2,9425;4,64;3,67;2,03;1,43
Niquelândia;2018;2,985;4,42;3,61;2,48;1,43
Nova América;2012;2,4975;5,75;2,98;0;1,26
Nova América;2014;2,5075;5,61;3,03;0;1,39
Nova América;2016;2,3925;5,22;3,1;0;1,25
Nova América;2018;2,3775;5,12;3,39;0;1
Nova Aurora;2012;4,0875;8,24;4,32;0;3,79
Nova Aurora;2014;3,9875;7,98;4,25;0;3,72
Nova Aurora;2016;3,8475;7,37;4,35;0;3,67
Nova Aurora;2018;4,61;7,13;5,04;0;6,27
Nova Crixás;2012;2,5225;4,79;3,8;0;1,5
Nova Crixás;2014;2,765;4,97;4,05;0;2,04
Nova Crixás;2016;2,8375;5,04;4,3;0;2,01
Nova Crixás;2018;2,7475;5,17;3,35;0;2,47
Nova Glória;2012;2,585;4,51;4,07;0;1,76
Nova Glória;2014;2,7225;4,68;4,12;0;2,09
Nova Glória;2016;2,9;4,83;4,47;0;2,3
Nova Glória;2018;3,2125;5,1;5,15;0;2,6
Nova Iguaçu de Goiás;2012;2,57;5,76;2,98;0;1,54
Nova Iguaçu de Goiás;2014;2,5475;5,81;3,03;0;1,35
Nova Iguaçu de Goiás;2016;2,5575;6,22;3,12;0;0,89
Nova Iguaçu de Goiás;2018;2,815;6,51;3,93;0;0,82
Nova Roma;2012;2,245;5,21;2,68;0,03;1,06
Nova Roma;2014;2,1125;4,96;2,62;0,02;0,85
Nova Roma;2016;1,935;4,45;2,57;0,02;0,7
Nova Roma;2018;2,01;4,24;3,11;0,02;0,67
Nova Veneza;2012;2,79;5,12;3,23;0;2,81
Nova Veneza;2014;2,945;4,95;3,45;0;3,38
Nova Veneza;2016;3,025;4,8;3,68;0;3,62
Nova Veneza;2018;2,9975;4,87;4,4;0;2,72
Novo Brasil;2012;3,4625;7,21;3,81;0;2,83
Novo Brasil;2014;3,5375;7,75;4,27;0;2,13
Novo Brasil;2016;3,5875;7,64;4,58;0;2,13
Novo Brasil;2018;3,69;7,85;4,61;0;2,3
Novo Gama;2012;3,0125;3,79;3,24;1,33;3,69
Novo Gama;2014;3,155;4,35;3,5;1,52;3,25
Novo Gama;2016;3,18;4,2;3,59;1,37;3,56
Novo Gama;2018;2,3225;4,05;0;1,23;4,01
Novo Planalto;2012;1,9475;4,77;2,54;0;0,48
Novo Planalto;2014;2,07;4,9;2,63;0;0,75
Novo Planalto;2016;2,12;4,63;2,73;0;1,12
Novo Planalto;2018;2,185;4,56;3,14;0;1,04
Orizona;2012;2,1525;3,79;2,63;0;2,19
Orizona;2014;2,39;4,28;2,88;0;2,4
Orizona;2016;2,445;4,26;3,16;0;2,36
Orizona;2018;2,8325;4,49;3,18;0;3,66
Ouro Verde de Goiás;2012;2,0775;4,78;2,32;0;1,21
Ouro Verde de Goiás;2014;2,265;4,94;2,53;0;1,59
Ouro Verde de Goiás;2016;2,285;5,18;2,75;0;1,21
Ouro Verde de Goiás;2018;2,4425;5,2;3,55;0;1,02
Ouvidor;2012;3,6;7,11;4,27;0;3,02
Ouvidor;2014;3,76;7,43;4,69;0;2,92
Ouvidor;2016;3,8575;7,41;5,03;0;2,99
Ouvidor;2018;4,3525;7,56;6,28;0;3,57
Padre Bernardo;2012;2,2925;1,97;3,33;2,49;1,38
Padre Bernardo;2014;2,615;2,13;3,79;2,98;1,56
Padre Bernardo;2016;2,7375;2,05;3,98;3,33;1,59
Padre Bernardo;2018;1,9175;2,03;1,43;3,35;0,86
Palestina de Goiás;2012;1,9775;4,61;2,6;0;0,7
Palestina de Goiás;2014;1,935;4,58;2,56;0;0,6
Palestina de Goiás;2016;1,835;4,21;2,57;0;0,56
Palestina de Goiás;2018;1,8625;4,19;2,97;0;0,29
Palmeiras de Goiás;2012;4,325;4,39;3,3;7,15;2,46
Palmeiras de Goiás;2014;4,6625;4,96;3,62;7,19;2,88
Palmeiras de Goiás;2016;4,94;5,36;3,88;6,95;3,57
Palmeiras de Goiás;2018;5,59;6,18;5,11;7,85;3,22
Palmelo;2012;4,03;8,38;4,31;0;3,43
Palmelo;2014;4,0525;8,57;4,45;0;3,19
Palmelo;2016;3,835;8,23;4,63;0;2,48
Palmelo;2018;3,88;8,17;5,4;0;1,95
Palminópolis;2012;3,2675;6,88;3,73;0;2,46
Palminópolis;2014;3,33;6,8;3,73;0;2,79
Palminópolis;2016;3,3375;6,57;4,03;0;2,75
Palminópolis;2018;3,82;6,48;4,42;0;4,38
Panamá;2012;2,695;5,02;3,41;0,03;2,32
Panamá;2014;2,6975;4,78;3,74;0,03;2,24
Panamá;2016;2,56;4,3;3,82;0,03;2,09
Panamá;2018;2,625;4,09;4,51;0,02;1,88
Paranaiguara;2012;5,9175;6,11;4,13;8,96;4,47
Paranaiguara;2014;6,0925;5,82;4,27;8,54;5,74
Paranaiguara;2016;5,865;5,23;4,35;7,39;6,49
Paranaiguara;2018;5,7;4,98;4,75;6,64;6,43
Paraúna;2012;4,69;5,88;3,06;6,8;3,02
Paraúna;2014;5,2775;6,43;3,48;8,53;2,67
Paraúna;2016;5,09;6,38;3,71;8,15;2,12
Paraúna;2018;5,1925;6,53;4,33;7,76;2,15
Perolândia;2012;2,2975;4,69;2,32;0;2,18
Perolândia;2014;2,62;4,81;2,48;0;3,19
Perolândia;2016;2,5025;4,69;2,58;0,01;2,73
Perolândia;2018;2,5625;4,92;3,37;0;1,96
Petrolina de Goiás;2012;1,895;4,04;2,1;0;1,44
Petrolina de Goiás;2014;1,9525;4,07;2,13;0;1,61
Petrolina de Goiás;2016;1,995;3,82;2,19;0;1,97
Petrolina de Goiás;2018;2,325;4,33;2,98;0;1,99
Pilar de Goiás;2012;1,3475;2,37;1,39;0;1,63
Pilar de Goiás;2014;1,8625;2,85;1,7;0;2,9
Pilar de Goiás;2016;1,7475;3,02;1,89;0;2,08
Pilar de Goiás;2018;1,7175;3,21;2,04;0;1,62
Piracanjuba;2012;4,97;5,9;3,53;6,49;3,96
Piracanjuba;2014;5,29;6,23;3,69;7,71;3,53
Piracanjuba;2016;5,2125;6,1;3,9;7,38;3,47
Piracanjuba;2018;5,135;6,23;4,17;7,06;3,08
Piranhas;2012;3,51;7,21;3,85;0;2,98
Piranhas;2014;3,56;7,37;4,02;0;2,85
Piranhas;2016;3,575;7,19;4,29;0;2,82
Piranhas;2018;4,3075;7,26;4,97;0;5
Pirenópolis;2012;3,1475;5,94;3,57;0;3,08
Pirenópolis;2014;3,37;6,15;3,87;0;3,46
Pirenópolis;2016;3,445;5,84;4,08;0;3,86
Pirenópolis;2018;3,575;5,93;3,84;0;4,53
Pires do Rio;2012;5,13;8,09;4,14;2,86;5,43
Pires do Rio;2014;5,3125;8,29;4,37;3,22;5,37
Pires do Rio;2016;5,3775;7,82;4,6;3,23;5,86
Pires do Rio;2018;5,67;7,66;5,15;3;6,87
Planaltina;2012;3,325;5,19;3,49;1,94;2,68
Planaltina;2014;3,855;6,27;4,12;2,19;2,84
Planaltina;2016;4,2025;6,57;4,49;2,51;3,24
Planaltina;2018;5,015;7,07;5,22;3,87;3,9
Pontalina;2012;4,4925;6,31;3,68;4,64;3,34
Pontalina;2014;5,21;6,65;3,82;7,43;2,94
Pontalina;2016;5,3475;6,6;4,15;8;2,64
Pontalina;2018;5,23;6,63;4,77;7,45;2,07
Porangatu;2012;3,2275;5,93;3,45;0;3,53
Porangatu;2014;3,315;6,12;3,58;0;3,56
Porangatu;2016;3,3575;5,92;3,77;0;3,74
Porangatu;2018;3,54;5,96;4,24;0;3,96
Porteirão;2012;3,0725;6,37;3,31;0;2,61
Porteirão;2014;3,38;7,24;3,55;0;2,73
Porteirão;2016;3,2575;7,06;3,69;0;2,28
Porteirão;2018;4,1575;7,5;4,72;0;4,41
Portelândia;2012;2,5525;5,32;3,03;0;1,86
Portelândia;2014;2,7075;5,58;3,23;0;2,02
Portelândia;2016;2,955;5,95;3,39;0,01;2,47
Portelândia;2018;3,5075;5,86;4,1;0;4,07
Posse;2012;3,2525;4,53;2,44;4,01;2,03
Posse;2014;3,825;4,91;2,69;5,62;2,08
Posse;2016;3,6375;4,78;2,86;5,31;1,6
Posse;2018;3,7075;4,92;3,34;5,03;1,54
Professor Jamil;2012;2,625;5,87;2,77;0;1,86
Professor Jamil;2014;2,9025;6,17;2,93;0;2,51
Professor Jamil;2016;3,1175;5,98;3,14;0;3,35
Professor Jamil;2018;3,805;6,24;4,25;0;4,73
Quirinópolis;2012;5,255;5,21;3,57;7,99;4,25
Quirinópolis;2014;5,6275;5,66;3,86;8,19;4,8
Quirinópolis;2016;5,5975;5,66;4,04;7,66;5,03
Quirinópolis;2018;5,82;5,57;4,77;7,47;5,47
Rialma;2012;3,7375;7;3,84;0;4,11
Rialma;2014;3,8825;7,53;4,13;0;3,87
Rialma;2016;3,9075;7,37;4,32;0;3,94
Rialma;2018;4,4425;7,63;5,33;0;4,81
Rianápolis;2012;3,01;6,89;3,61;0;1,54
Rianápolis;2014;3,2225;7,31;3,73;0;1,85
Rianápolis;2016;3,245;7,22;4,02;0;1,74
Rianápolis;2018;3,5775;7;4,47;0;2,84
Rio Quente;2012;5,42;4,63;10;1,14;5,91
Rio Quente;2014;5,27;4,41;10;1,1;5,57
Rio Quente;2016;4,9475;3,96;10;0,94;4,89
Rio Quente;2018;4,7175;3,77;10;0,85;4,25
Rio Verde;2012;4,69;5,37;3,52;4,02;5,85
Rio Verde;2014;4,665;5,53;3,57;3,87;5,69
Rio Verde;2016;4,645;5,27;3,75;3,65;5,91
Rio Verde;2018;4,8175;5,11;4,21;3,9;6,05
Rubiataba;2012;3,825;6,96;4,03;0,92;3,39
Rubiataba;2014;5,3075;7,05;4,19;6,42;3,57
Rubiataba;2016;5,6075;6,62;4,41;7,99;3,41
Rubiataba;2018;5,46;6,51;4,83;7,46;3,04
Sanclerlândia;2012;3,7875;8,24;4,33;0;2,58
Sanclerlândia;2014;3,62;8,38;4,52;0;1,58
Sanclerlândia;2016;3,65;7,93;4,76;0;1,91
Sanclerlândia;2018;5,2325;7,97;5;5,18;2,78
Santa Bárbara de Goiás;2012;3,285;6,36;3,83;0;2,95
Santa Bárbara de Goiás;2014;3,675;6,5;3,98;0;4,22
Santa Bárbara de Goiás;2016;3,2225;6,33;4,23;0;2,33
Santa Bárbara de Goiás;2018;3,51;6,17;4,85;0;3,02
Santa Cruz de Goiás;2012;1,385;3,4;1,24;0;0,9
Santa Cruz de Goiás;2014;1,5575;3,55;1,31;0;1,37
Santa Cruz de Goiás;2016;1,58;3,56;1,49;0;1,27
Santa Cruz de Goiás;2018;1,5025;3,59;1,18;0;1,24
Santa Fé de Goiás;2012;3,0275;5,72;3,13;0;3,26
Santa Fé de Goiás;2014;3,115;5,77;3,11;0;3,58
Santa Fé de Goiás;2016;3,095;5,95;3,51;0;2,92
Santa Fé de Goiás;2018;3,6075;5,87;4,03;0;4,53
Santa Helena de Goiás;2012;5,82;6,35;3,81;8,93;4,19
Santa Helena de Goiás;2014;6,0975;6,64;3,97;9,05;4,73
Santa Helena de Goiás;2016;6,035;6,4;4,16;8,44;5,14
Santa Helena de Goiás;2018;6,17;6,5;4,88;7,94;5,36
Santa Isabel;2012;2,325;5,42;2,55;0;1,33
Santa Isabel;2014;2,295;5,36;2,59;0;1,23
Santa Isabel;2016;2,335;5,29;2,81;0;1,24
Santa Isabel;2018;2,3975;5,24;3,47;0;0,88
Santa Rita do Araguaia;2012;3,9375;8,42;4,11;0;3,22
Santa Rita do Araguaia;2014;3,8975;8,16;4,2;0;3,23
Santa Rita do Araguaia;2016;3,65;7,48;4,21;0;2,91
Santa Rita do Araguaia;2018;3,395;7,01;4,3;0;2,27
Santa Rita do Novo Destino;2012;0,8725;1,93;1,44;0,12;0
Santa Rita do Novo Destino;2014;0,9125;1,83;1,46;0,11;0,25
Santa Rita do Novo Destino;2016;0,86;1,63;1,47;0,1;0,24
Santa Rita do Novo Destino;2018;1,0275;1,57;0,78;0,09;1,67
Santa Rosa de Goiás;2012;2,82;5,63;3,57;0;2,08
Santa Rosa de Goiás;2014;3,1725;5,99;3,85;0;2,85
Santa Rosa de Goiás;2016;3,4025;6,42;4,04;0;3,15
Santa Rosa de Goiás;2018;3,485;6,72;5,21;0;2,01
Santa Tereza de Goiás;2012;3,125;7,34;4,11;0;1,05
Santa Tereza de Goiás;2014;3,43;7,44;4,28;0;2
Santa Tereza de Goiás;2016;3,6325;6,93;4,42;0;3,18
Santa Tereza de Goiás;2018;3,6975;7,34;4,81;0;2,64
Santa Terezinha de Goiás;2012;2,115;3,07;3,35;0;2,04
Santa Terezinha de Goiás;2014;2,3675;3,39;3,61;0;2,47
Santa Terezinha de Goiás;2016;2,395;3,43;3,85;0;2,3
Santa Terezinha de Goiás;2018;2,4075;3,55;4,22;0;1,86
Santo Antônio da Barra;2012;2,14;4,43;2,99;0;1,14
Santo Antônio da Barra;2014;2,315;4,73;3,09;0;1,44
Santo Antônio da Barra;2016;2,4025;4,95;3,42;0;1,24
Santo Antônio da Barra;2018;2,995;4,99;3,55;0;3,44
Santo Antônio de Goiás;2012;3,8425;7,15;4,74;0;3,48
Santo Antônio de Goiás;2014;4,2;7,63;5,37;0;3,8
Santo Antônio de Goiás;2016;4,3875;7,22;5,55;0;4,78
Santo Antônio de Goiás;2018;4,25;7,01;6,11;0;3,88
Santo Antônio do Descoberto;2012;2,5525;3,01;2,71;1,87;2,62
Santo Antônio do Descoberto;2014;2,895;3,56;3,04;2,76;2,22
Santo Antônio do Descoberto;2016;3,2575;3,74;3,24;3,44;2,61
Santo Antônio do Descoberto;2018;3,53;4,01;3,53;3,38;3,2
São Domingos;2012;1,4125;2,84;1,8;0;1,01
São Domingos;2014;1,3475;2,85;1,7;0;0,84
São Domingos;2016;1,26;2,63;1,7;0;0,71
São Domingos;2018;1,14;2,57;1,52;0;0,47
São Francisco de Goiás;2012;2,3625;5,38;2,65;0;1,42
São Francisco de Goiás;2014;2,6225;5,69;2,87;0;1,93
São Francisco de Goiás;2016;2,7275;5,9;3,07;0;1,94
São Francisco de Goiás;2018;2,875;6,1;3,96;0;1,44
São João d'Aliança;2012;1,43;3,15;1,4;0,01;1,16
São João d'Aliança;2014;1,485;3,29;1,49;0;1,16
São João d'Aliança;2016;1,445;3,2;1,58;0;1
São João d'Aliança;2018;1,74;3,34;2,2;0;1,42
São João da Paraúna;2012;5,8125;7,14;3,89;8,8;3,42
São João da Paraúna;2014;6,035;7,53;4,05;9,2;3,36
São João da Paraúna;2016;6,67;8,39;4,84;10;3,45
São João da Paraúna;2018;6,9175;8,73;5,93;9,67;3,34
São Luis de Montes Belos;2012;5,485;7,4;4,54;5,5;4,5
São Luis de Montes Belos;2014;5,53;7,63;4,66;5,5;4,33
São Luis de Montes Belos;2016;5,73;7,47;4,87;6,5;4,08
São Luis de Montes Belos;2018;5,8175;7,5;5,28;6,53;3,96
São Luiz do Norte;2012;2,085;3,04;3,96;0;1,34
São Luiz do Norte;2014;2,2025;3,33;4,05;0;1,43
São Luiz do Norte;2016;2,26;3,45;4,18;0;1,41
São Luiz do Norte;2018;2,26;3,43;4,51;0;1,1
São Miguel do Araguaia;2012;3,1775;4,16;3,82;2,42;2,31
São Miguel do Araguaia;2014;3,455;4,66;4,05;2,69;2,42
São Miguel do Araguaia;2016;3,5225;4,7;4,29;2,4;2,7
São Miguel do Araguaia;2018;3,5875;4,78;4,45;2,3;2,82
São Miguel do Passa Quatro;2012;1,9775;4,49;1,99;0;1,43
São Miguel do Passa Quatro;2014;2,0925;4,92;2,19;0;1,26
São Miguel do Passa Quatro;2016;2,4075;5,47;2,4;0;1,76
São Miguel do Passa Quatro;2018;3,1925;5,41;3,35;0;4,01
São Patrício;2012;1,8775;4,54;2,16;0;0,81
São Patrício;2014;1,95;4,68;2,26;0;0,86
São Patrício;2016;1,9;4,6;2,41;0;0,59
São Patrício;2018;2,2925;4,83;3,33;0;1,01
São Simão;2012;6,33;6,26;4,06;8,19;6,81
São Simão;2014;6,355;5,96;4,3;7,81;7,35
São Simão;2016;5,9425;5,36;4,64;6,76;7,01
São Simão;2018;5,8225;5,1;4,48;6,07;7,64
Senador Canedo;2012;3,215;4,09;3,88;0,08;4,81
Senador Canedo;2014;3,535;3,89;4,63;0,07;5,55
Senador Canedo;2016;3,605;3,49;5,07;0,06;5,8
Senador Canedo;2018;3,9275;3,33;5,96;0,06;6,36
Serranópolis;2012;2,78;5,89;2,68;0;2,55
Serranópolis;2014;2,765;5,88;2,75;0;2,43
Serranópolis;2016;2,7525;5,68;2,93;0;2,4
Serranópolis;2018;2,8225;5,65;3,71;0;1,93
Silvânia;2012;3,7325;4,94;2,58;4,72;2,69
Silvânia;2014;4,37;5,3;2,91;6,16;3,11
Silvânia;2016;4,3075;5,24;3,18;5,63;3,18
Silvânia;2018;4,4625;5,24;3,7;5,67;3,24
Simolândia;2012;2,2575;5,54;2,78;0;0,71
Simolândia;2014;2,375;5,73;2,89;0;0,88
Simolândia;2016;2,3275;5,28;2,91;0;1,12
Simolândia;2018;2,3925;5,14;3,32;0;1,11
Sítio d'Abadia;2012;0,88;2,46;1;0;0,06
Sítio d'Abadia;2014;0,6025;1,38;1,03;0;0
Sítio d'Abadia;2016;0,6675;1,57;1,07;0;0,03
Sítio d'Abadia;2018;0,66;1,67;0,89;0;0,08
Taquaral de Goiás;2012;3,5775;7,62;4,08;0;2,61
Taquaral de Goiás;2014;4,09;8,6;4,84;0;2,92
Taquaral de Goiás;2016;4,075;8,2;5,1;0;3
Taquaral de Goiás;2018;4,315;8,06;5,84;0;3,36
Teresina de Goiás;2012;2,0275;4,74;1,94;0;1,43
Teresina de Goiás;2014;1,965;4,63;2,01;0;1,22
Teresina de Goiás;2016;1,85;4,31;1,95;0,01;1,13
Teresina de Goiás;2018;2,0675;4,2;2,36;0;1,71
Terezópolis de Goiás;2012;2,7825;4,92;3,62;0;2,59
Terezópolis de Goiás;2014;3,16;5,43;3,88;0;3,33
Terezópolis de Goiás;2016;4,7775;5,48;4,32;5,8;3,51
Terezópolis de Goiás;2018;4,81;5,39;4,73;5,49;3,63
Três Ranchos;2012;5,075;9,05;7,06;0;4,19
Três Ranchos;2014;5,3775;10;7,89;0;3,62
Três Ranchos;2016;5,3275;10;8,63;0;2,68
Três Ranchos;2018;5,545;10;9,8;0;2,38
Trindade;2012;4,43;5,33;4,04;3,53;4,82
Trindade;2014;4,77;6,02;4,41;3,68;4,97
Trindade;2016;4,85;6,13;4,55;3,32;5,4
Trindade;2018;5,415;6,63;5,56;4,18;5,29
Trombas;2012;1,9725;3,47;2,55;0;1,87
Trombas;2014;1,8675;3,31;2,52;0;1,64
Trombas;2016;2,3925;5,17;2,54;0;1,86
Trombas;2018;2,2275;2,83;3,08;0;3
Turvânia;2012;3,34;6,92;3,73;0;2,71
Turvânia;2014;3,49;6,97;3,77;0;3,22
Turvânia;2016;3,3775;6,54;3,93;0;3,04
Turvânia;2018;3,525;6,55;4,44;0;3,11
Turvelândia;2012;1,98;4,21;2,12;0;1,59
Turvelândia;2014;2,275;5,03;2,64;0;1,43
Turvelândia;2016;2,375;5,14;2,87;0;1,49
Turvelândia;2018;2,52;5,21;3,67;0;1,2
Uirapuru;2012;2,225;5,15;2,17;0;1,58
Uirapuru;2014;2,385;5,22;2,35;0;1,97
Uirapuru;2016;2,2875;4,94;2,3;0;1,91
Uirapuru;2018;2,1475;4,95;2,22;0;1,42
Uruaçu;2012;4,3175;6,11;3,92;3,7;3,54
Uruaçu;2014;4,83;6,57;4,29;4,54;3,92
Uruaçu;2016;4,9925;6,39;4,54;4,8;4,24
Uruaçu;2018;5,0975;6,66;5,23;4,64;3,86
Uruana;2012;3,085;6,42;3,65;0,4;1,87
Uruana;2014;3,145;6,79;3,82;0,38;1,59
Uruana;2016;3,1025;6,44;3,91;0,32;1,74
Uruana;2018;3,2425;6,32;4,59;0,28;1,78
Urutaí;2012;3,8175;7,5;3,93;0;3,84
Urutaí;2014;4,07;7,9;4,25;0;4,13
Urutaí;2016;4,185;7,91;4,61;0;4,22
Urutaí;2018;4,6525;8,17;5,62;0;4,82
Valparaíso de Goiás;2012;4,0825;4,43;4,42;2,29;5,19
Valparaíso de Goiás;2014;4,3975;5,24;5,14;2,31;4,9
Valparaíso de Goiás;2016;4,825;5,8;5,6;2,68;5,22
Valparaíso de Goiás;2018;4,8925;6,4;5,43;2,58;5,16
Varjão;2012;2,4825;4,75;3,01;0;2,17
Varjão;2014;2,6025;5,13;3,18;0;2,1
Varjão;2016;2,595;5,23;3,49;0;1,66
Varjão;2018;2,595;5,26;3,76;0;1,36
Vianópolis;2012;2,975;5,55;3,57;0;2,78
Vianópolis;2014;3,155;5,67;3,69;0;3,26
Vianópolis;2016;3,0575;5,6;3,91;0;2,72
Vianópolis;2018;3,225;5,53;3,96;0;3,41
Vicentinópolis;2012;2,8325;5,37;3,62;0,01;2,33
Vicentinópolis;2014;2,6675;5,12;3,69;0,01;1,85
Vicentinópolis;2016;2,54;4,59;3,85;0,01;1,71
Vicentinópolis;2018;2,555;4,38;4,26;0,01;1,57
Vila Boa;2012;1,9475;5,03;2,14;0;0,62
Vila Boa;2014;1,8775;4,82;2,05;0;0,64
Vila Boa;2016;1,6725;4,28;1,98;0;0,43
Vila Boa;2018;1,7975;3,97;2,26;0;0,96
Vila Propício;2012;0,3225;0;0,93;0;0,36
Vila Propício;2014;0,4225;0,05;1,14;0;0,5
Vila Propício;2016;0,7275;0,29;1,32;0;1,3
Vila Propício;2018;0,8425;1,66;0,92;0;0,79
