Localidade;Ano;AreaTerritorial
Abadia de Goiás;2002;146,458
Abadia de Goiás;2012;146,78
Abadia de Goiás;2013;146,778
Abadia de Goiás;2014;146,778
Abadia de Goiás;2015;146,778
Abadia de Goiás;2016;147,734
Abadiânia;2002;1044,159
Abadiânia;2012;1045,13
Abadiânia;2013;1045,127
Abadiânia;2014;1045,127
Abadiânia;2015;1045,127
Abadiânia;2016;1045,127
Acreúna;2002;1565,989
Acreúna;2012;1566
Acreúna;2013;1565,997
Acreúna;2014;1565,997
Acreúna;2015;1565,997
Acreúna;2016;1565,997
Adelândia;2002;115,353
Adelândia;2012;115,35
Adelândia;2013;115,353
Adelândia;2014;115,353
Adelândia;2015;115,353
Adelândia;2016;115,353
Água Fria de Goiás;2002;2029,406
Água Fria de Goiás;2012;2029,42
Água Fria de Goiás;2013;2029,416
Água Fria de Goiás;2014;2029,416
Água Fria de Goiás;2015;2029,416
Água Fria de Goiás;2016;2029,416
Água Limpa;2002;452,856
Água Limpa;2012;452,86
Água Limpa;2013;452,858
Água Limpa;2014;452,858
Água Limpa;2015;452,858
Água Limpa;2016;452,858
Águas Lindas de Goiás;2002;191,198
Águas Lindas de Goiás;2012;188,39
Águas Lindas de Goiás;2013;188,385
Águas Lindas de Goiás;2014;188,385
Águas Lindas de Goiás;2015;188,385
Águas Lindas de Goiás;2016;188,385
Alexânia;2002;847,891
Alexânia;2012;847,89
Alexânia;2013;847,893
Alexânia;2014;847,893
Alexânia;2015;847,893
Alexânia;2016;847,893
Aloândia;2002;102,16
Aloândia;2012;102,16
Aloândia;2013;102,16
Aloândia;2014;102,16
Aloândia;2015;102,16
Aloândia;2016;102,16
Alto Horizonte;2002;503,762
Alto Horizonte;2012;503,76
Alto Horizonte;2013;503,764
Alto Horizonte;2014;503,764
Alto Horizonte;2015;503,764
Alto Horizonte;2016;503,764
Alto Paraíso de Goiás;2002;2593,885
Alto Paraíso de Goiás;2012;2593,91
Alto Paraíso de Goiás;2013;2593,905
Alto Paraíso de Goiás;2014;2593,905
Alto Paraíso de Goiás;2015;2593,904
Alto Paraíso de Goiás;2016;2593,905
Alvorada do Norte;2002;1259,495
Alvorada do Norte;2012;1259,37
Alvorada do Norte;2013;1259,366
Alvorada do Norte;2014;1259,366
Alvorada do Norte;2015;1259,366
Alvorada do Norte;2016;1259,366
Amaralina;2002;1412,909
Amaralina;2012;1343,17
Amaralina;2013;1343,174
Amaralina;2014;1343,174
Amaralina;2015;1343,174
Amaralina;2016;1343,237
Americano do Brasil;2002;133,562
Americano do Brasil;2012;133,56
Americano do Brasil;2013;133,563
Americano do Brasil;2014;133,563
Americano do Brasil;2015;133,563
Americano do Brasil;2016;133,563
Amorinópolis;2002;408,524
Amorinópolis;2012;408,53
Amorinópolis;2013;408,525
Amorinópolis;2014;408,525
Amorinópolis;2015;408,525
Amorinópolis;2016;408,525
Anápolis;2002;918,375
Anápolis;2012;933,16
Anápolis;2013;933,156
Anápolis;2014;933,156
Anápolis;2015;933,156
Anápolis;2016;933,156
Anhanguera;2002;56,642
Anhanguera;2012;56,95
Anhanguera;2013;56,95
Anhanguera;2014;56,95
Anhanguera;2015;56,95
Anhanguera;2016;56,95
Anicuns;2002;961,608
Anicuns;2012;979,23
Anicuns;2013;979,23
Anicuns;2014;979,23
Anicuns;2015;979,23
Anicuns;2016;979,23
Aparecida de Goiânia;2002;288,465
Aparecida de Goiânia;2012;288,34
Aparecida de Goiânia;2013;288,122
Aparecida de Goiânia;2014;288,209
Aparecida de Goiânia;2015;278,539
Aparecida de Goiânia;2016;278,539
Aparecida do Rio Doce;2002;602,288
Aparecida do Rio Doce;2012;602,13
Aparecida do Rio Doce;2013;602,133
Aparecida do Rio Doce;2014;602,133
Aparecida do Rio Doce;2015;602,133
Aparecida do Rio Doce;2016;602,133
Aporé;2002;2900,344
Aporé;2012;2900,16
Aporé;2013;2900,055
Aporé;2014;2900,053
Aporé;2015;2900,053
Aporé;2016;2900,056
Araçu;2002;153,599
Araçu;2012;148,94
Araçu;2013;148,936
Araçu;2014;148,936
Araçu;2015;149,371
Araçu;2016;149,371
Aragarças;2002;711,649
Aragarças;2012;662,9
Aragarças;2013;662,89
Aragarças;2014;662,89
Aragarças;2015;662,89
Aragarças;2016;664,53
Aragoiânia;2002;218,755
Aragoiânia;2012;219,55
Aragoiânia;2013;219,55
Aragoiânia;2014;219,55
Aragoiânia;2015;219,55
Aragoiânia;2016;218,183
Araguapaz;2002;2193,692
Araguapaz;2012;2193,7
Araguapaz;2013;2193,7
Araguapaz;2014;2193,7
Araguapaz;2015;2193,7
Araguapaz;2016;2193,7
Arenópolis;2002;1074,591
Arenópolis;2012;1074,6
Arenópolis;2013;1074,595
Arenópolis;2014;1074,595
Arenópolis;2015;1074,595
Arenópolis;2016;1074,595
Aruanã;2002;3050,303
Aruanã;2012;3050,31
Aruanã;2013;3050,306
Aruanã;2014;3050,306
Aruanã;2015;3050,306
Aruanã;2016;3055,292
Aurilândia;2002;565,152
Aurilândia;2012;565,34
Aurilândia;2013;565,34
Aurilândia;2014;565,34
Aurilândia;2015;565,34
Aurilândia;2016;565,34
Avelinópolis;2002;164,04
Avelinópolis;2012;173,64
Avelinópolis;2013;173,64
Avelinópolis;2014;173,64
Avelinópolis;2015;174,235
Avelinópolis;2016;174,235
Baliza;2002;1782,592
Baliza;2012;1782,6
Baliza;2013;1782,596
Baliza;2014;1782,596
Baliza;2015;1782,596
Baliza;2016;1784,844
Barro Alto;2002;1093,243
Barro Alto;2012;1093,25
Barro Alto;2013;1093,248
Barro Alto;2014;1093,248
Barro Alto;2015;1093,248
Barro Alto;2016;1093,248
Bela Vista de Goiás;2002;1276,617
Bela Vista de Goiás;2012;1255,42
Bela Vista de Goiás;2013;1253,414
Bela Vista de Goiás;2014;1253,414
Bela Vista de Goiás;2015;1275,849
Bela Vista de Goiás;2016;1275,849
Bom Jardim de Goiás;2002;1850,738
Bom Jardim de Goiás;2012;1899,49
Bom Jardim de Goiás;2013;1899,506
Bom Jardim de Goiás;2014;1899,506
Bom Jardim de Goiás;2015;1899,506
Bom Jardim de Goiás;2016;1899,506
Bom Jesus de Goiás;2002;1405,218
Bom Jesus de Goiás;2012;1405,12
Bom Jesus de Goiás;2013;1405,119
Bom Jesus de Goiás;2014;1405,119
Bom Jesus de Goiás;2015;1405,028
Bom Jesus de Goiás;2016;1405,028
Bonfinópolis;2002;122,257
Bonfinópolis;2012;122,29
Bonfinópolis;2013;122,389
Bonfinópolis;2014;122,389
Bonfinópolis;2015;122,389
Bonfinópolis;2016;123,427
Bonópolis;2002;1628,479
Bonópolis;2012;1628,49
Bonópolis;2013;1628,486
Bonópolis;2014;1628,486
Bonópolis;2015;1628,486
Bonópolis;2016;1628,486
Brazabrantes;2002;123,548
Brazabrantes;2012;123,07
Brazabrantes;2013;123,072
Brazabrantes;2014;123,072
Brazabrantes;2015;123,072
Brazabrantes;2016;123,072
Britânia;2002;1461,181
Britânia;2012;1461,19
Britânia;2013;1461,187
Britânia;2014;1461,187
Britânia;2015;1461,187
Britânia;2016;1463,006
Buriti Alegre;2002;897,394
Buriti Alegre;2012;895,46
Buriti Alegre;2013;895,456
Buriti Alegre;2014;895,456
Buriti Alegre;2015;895,456
Buriti Alegre;2016;895,456
Buriti de Goiás;2002;199,291
Buriti de Goiás;2012;199,29
Buriti de Goiás;2013;199,292
Buriti de Goiás;2014;199,292
Buriti de Goiás;2015;199,292
Buriti de Goiás;2016;199,292
Buritinópolis;2002;268,115
Buritinópolis;2012;247,05
Buritinópolis;2013;247,047
Buritinópolis;2014;247,047
Buritinópolis;2015;247,047
Buritinópolis;2016;247,047
Cabeceiras;2002;1127,601
Cabeceiras;2012;1127,61
Cabeceiras;2013;1127,599
Cabeceiras;2014;1127,57
Cabeceiras;2015;1126,912
Cabeceiras;2016;1126,912
Cachoeira Alta;2002;1654,343
Cachoeira Alta;2012;1654,55
Cachoeira Alta;2013;1654,554
Cachoeira Alta;2014;1654,554
Cachoeira Alta;2015;1654,554
Cachoeira Alta;2016;1654,554
Cachoeira de Goiás;2002;415,73
Cachoeira de Goiás;2012;422,75
Cachoeira de Goiás;2013;422,751
Cachoeira de Goiás;2014;422,751
Cachoeira de Goiás;2015;422,751
Cachoeira de Goiás;2016;422,751
Cachoeira Dourada;2002;521,13
Cachoeira Dourada;2012;521,13
Cachoeira Dourada;2013;521,134
Cachoeira Dourada;2014;521,134
Cachoeira Dourada;2015;521,134
Cachoeira Dourada;2016;521,134
Caçu;2002;2251,098
Caçu;2012;2251,01
Caçu;2013;2251,007
Caçu;2014;2251,007
Caçu;2015;2251,015
Caçu;2016;2251,01
Caiapônia;2002;8653,189
Caiapônia;2012;8637,87
Caiapônia;2013;8637,871
Caiapônia;2014;8637,871
Caiapônia;2015;8637,871
Caiapônia;2016;8635,129
Caldas Novas;2002;1589,518
Caldas Novas;2012;1595,97
Caldas Novas;2013;1595,966
Caldas Novas;2014;1595,966
Caldas Novas;2015;1595,966
Caldas Novas;2016;1608,439
Caldazinha;2002;311,687
Caldazinha;2012;250,89
Caldazinha;2013;249,691
Caldazinha;2014;249,691
Caldazinha;2015;249,691
Caldazinha;2016;249,691
Campestre de Goiás;2002;273,816
Campestre de Goiás;2012;273,82
Campestre de Goiás;2013;273,815
Campestre de Goiás;2014;273,815
Campestre de Goiás;2015;273,815
Campestre de Goiás;2016;273,815
Campinaçu;2002;1974,367
Campinaçu;2012;1974,38
Campinaçu;2013;1974,375
Campinaçu;2014;1974,375
Campinaçu;2015;1974,375
Campinaçu;2016;1974,375
Campinorte;2002;1068,274
Campinorte;2012;1067,2
Campinorte;2013;1067,197
Campinorte;2014;1067,196
Campinorte;2015;1067,191
Campinorte;2016;1067,193
Campo Alegre de Goiás;2002;2463,014
Campo Alegre de Goiás;2012;2462,99
Campo Alegre de Goiás;2013;2462,993
Campo Alegre de Goiás;2014;2462,993
Campo Alegre de Goiás;2015;2462,993
Campo Alegre de Goiás;2016;2462,993
Campo Limpo de Goiás;2002;156,202
Campo Limpo de Goiás;2012;159,56
Campo Limpo de Goiás;2013;159,557
Campo Limpo de Goiás;2014;159,557
Campo Limpo de Goiás;2015;159,557
Campo Limpo de Goiás;2016;159,557
Campos Belos;2002;724,06
Campos Belos;2012;724,07
Campos Belos;2013;724,068
Campos Belos;2014;724,068
Campos Belos;2015;724,068
Campos Belos;2016;724,069
Campos Verdes;2002;441,702
Campos Verdes;2012;441,65
Campos Verdes;2013;441,645
Campos Verdes;2014;441,645
Campos Verdes;2015;441,645
Campos Verdes;2016;441,645
Carmo do Rio Verde;2002;455,924
Carmo do Rio Verde;2012;418,54
Carmo do Rio Verde;2013;418,544
Carmo do Rio Verde;2014;418,544
Carmo do Rio Verde;2015;418,544
Carmo do Rio Verde;2016;418,544
Castelândia;2002;297,428
Castelândia;2012;297,43
Castelândia;2013;297,428
Castelândia;2014;297,428
Castelândia;2015;297,977
Castelândia;2016;297,977
Catalão;2002;3777,652
Catalão;2012;3821,46
Catalão;2013;3821,463
Catalão;2014;3821,463
Catalão;2015;3821,463
Catalão;2016;3821,463
Caturaí;2002;207,154
Caturaí;2012;207,26
Caturaí;2013;207,264
Caturaí;2014;207,264
Caturaí;2015;205,078
Caturaí;2016;205,078
Cavalcante;2002;6953,646
Cavalcante;2012;6953,67
Cavalcante;2013;6953,666
Cavalcante;2014;6953,666
Cavalcante;2015;6953,666
Cavalcante;2016;6953,666
Ceres;2002;213,497
Ceres;2012;214,32
Ceres;2013;214,322
Ceres;2014;214,322
Ceres;2015;214,322
Ceres;2016;214,322
Cezarina;2002;415,809
Cezarina;2012;415,81
Cezarina;2013;415,811
Cezarina;2014;415,811
Cezarina;2015;415,811
Cezarina;2016;415,811
Chapadão do Céu;2002;2354,822
Chapadão do Céu;2012;2185,12
Chapadão do Céu;2013;2185,124
Chapadão do Céu;2014;2185,124
Chapadão do Céu;2015;2185,124
Chapadão do Céu;2016;2185,129
Cidade Ocidental;2002;388,162
Cidade Ocidental;2012;389,99
Cidade Ocidental;2013;390
Cidade Ocidental;2014;389,983
Cidade Ocidental;2015;389,983
Cidade Ocidental;2016;389,985
Cocalzinho de Goiás;2002;1787,994
Cocalzinho de Goiás;2012;1789,04
Cocalzinho de Goiás;2013;1789,039
Cocalzinho de Goiás;2014;1789,039
Cocalzinho de Goiás;2015;1789,039
Cocalzinho de Goiás;2016;1789,039
Colinas do Sul;2002;1708,215
Colinas do Sul;2012;1708,19
Colinas do Sul;2013;1708,187
Colinas do Sul;2014;1708,187
Colinas do Sul;2015;1708,188
Colinas do Sul;2016;1708,187
Córrego do Ouro;2002;462,302
Córrego do Ouro;2012;462,3
Córrego do Ouro;2013;462,304
Córrego do Ouro;2014;462,304
Córrego do Ouro;2015;462,304
Córrego do Ouro;2016;462,304
Corumbá de Goiás;2002;1062,457
Corumbá de Goiás;2012;1061,96
Corumbá de Goiás;2013;1061,955
Corumbá de Goiás;2014;1061,955
Corumbá de Goiás;2015;1061,955
Corumbá de Goiás;2016;1061,955
Corumbaíba;2002;1881,712
Corumbaíba;2012;1883,67
Corumbaíba;2013;1883,665
Corumbaíba;2014;1883,665
Corumbaíba;2015;1883,665
Corumbaíba;2016;1883,665
Cristalina;2002;6160,722
Cristalina;2012;6162,09
Cristalina;2013;6162,097
Cristalina;2014;6162,097
Cristalina;2015;6162,089
Cristalina;2016;6162,089
Cristianópolis;2002;225,357
Cristianópolis;2012;225,36
Cristianópolis;2013;225,359
Cristianópolis;2014;225,359
Cristianópolis;2015;225,359
Cristianópolis;2016;225,359
Crixás;2002;4661,077
Crixás;2012;4661,16
Crixás;2013;4661,162
Crixás;2014;4661,162
Crixás;2015;4661,166
Crixás;2016;4661,168
Cromínia;2002;369,917
Cromínia;2012;364,11
Cromínia;2013;364,105
Cromínia;2014;364,105
Cromínia;2015;364,105
Cromínia;2016;364,105
Cumari;2002;579,877
Cumari;2012;570,54
Cumari;2013;570,542
Cumari;2014;570,542
Cumari;2015;570,542
Cumari;2016;570,543
Damianópolis;2002;415,349
Damianópolis;2012;415,35
Damianópolis;2013;415,349
Damianópolis;2014;415,349
Damianópolis;2015;415,349
Damianópolis;2016;415,349
Damolândia;2002;84,632
Damolândia;2012;84,5
Damolândia;2013;84,495
Damolândia;2014;84,495
Damolândia;2015;84,495
Damolândia;2016;84,495
Davinópolis;2002;520,04
Davinópolis;2012;481,3
Davinópolis;2013;481,296
Davinópolis;2014;481,296
Davinópolis;2015;481,296
Davinópolis;2016;481,296
Diorama;2002;687,339
Diorama;2012;687,35
Diorama;2013;687,348
Diorama;2014;687,348
Diorama;2015;687,348
Diorama;2016;687,348
Divinópolis de Goiás;2002;831,134
Divinópolis de Goiás;2012;830,97
Divinópolis de Goiás;2013;830,974
Divinópolis de Goiás;2014;830,974
Divinópolis de Goiás;2015;830,974
Divinópolis de Goiás;2016;830,971
Doverlândia;2002;3207,543
Doverlândia;2012;3222,94
Doverlândia;2013;3222,941
Doverlândia;2014;3222,941
Doverlândia;2015;3222,941
Doverlândia;2016;3221,752
Edealina;2002;603,652
Edealina;2012;603,65
Edealina;2013;603,654
Edealina;2014;603,654
Edealina;2015;603,654
Edealina;2016;603,654
Edéia;2002;1461,519
Edéia;2012;1461,5
Edéia;2013;1461,503
Edéia;2014;1461,503
Edéia;2015;1461,503
Edéia;2016;1461,503
Estrela do Norte;2002;301,641
Estrela do Norte;2012;301,64
Estrela do Norte;2013;301,642
Estrela do Norte;2014;301,642
Estrela do Norte;2015;301,642
Estrela do Norte;2016;301,642
Faina;2002;1944,953
Faina;2012;1945,66
Faina;2013;1945,658
Faina;2014;1945,658
Faina;2015;1945,658
Faina;2016;1945,658
Fazenda Nova;2002;1281,316
Fazenda Nova;2012;1281,42
Fazenda Nova;2013;1281,42
Fazenda Nova;2014;1281,42
Fazenda Nova;2015;1281,42
Fazenda Nova;2016;1281,42
Firminópolis;2002;406,109
Firminópolis;2012;423,65
Firminópolis;2013;423,649
Firminópolis;2014;423,649
Firminópolis;2015;423,649
Firminópolis;2016;423,649
Flores de Goiás;2002;3709,419
Flores de Goiás;2012;3709,43
Flores de Goiás;2013;3709,427
Flores de Goiás;2014;3709,427
Flores de Goiás;2015;3709,427
Flores de Goiás;2016;3709,427
Formosa;2002;5806,891
Formosa;2012;5811,79
Formosa;2013;5811,788
Formosa;2014;5811,788
Formosa;2015;5811,788
Formosa;2016;5811,788
Formoso;2002;844,285
Formoso;2012;844,29
Formoso;2013;844,289
Formoso;2014;844,289
Formoso;2015;844,289
Formoso;2016;844,289
Gameleira de Goiás;2002;595,316
Gameleira de Goiás;2012;592
Gameleira de Goiás;2013;591,995
Gameleira de Goiás;2014;591,995
Gameleira de Goiás;2015;591,995
Gameleira de Goiás;2016;591,995
Goianápolis;2002;162,38
Goianápolis;2012;162,44
Goianápolis;2013;162,435
Goianápolis;2014;162,435
Goianápolis;2015;162,435
Goianápolis;2016;169,013
Goiandira;2002;560,707
Goiandira;2012;564,69
Goiandira;2013;564,687
Goiandira;2014;564,687
Goiandira;2015;564,687
Goiandira;2016;564,686
Goianésia;2002;1547,65
Goianésia;2012;1547,27
Goianésia;2013;1547,274
Goianésia;2014;1547,274
Goianésia;2015;1547,274
Goianésia;2016;1547,274
Goiânia;2002;739,492
Goiânia;2012;732,8
Goiânia;2013;733,116
Goiânia;2014;729,018
Goiânia;2015;728,841
Goiânia;2016;728,841
Goianira;2002;200,402
Goianira;2012;209,04
Goianira;2013;209,036
Goianira;2014;212,969
Goianira;2015;212,552
Goianira;2016;212,552
Goiás;2002;3108,008
Goiás;2012;3108,02
Goiás;2013;3108,019
Goiás;2014;3108,019
Goiás;2015;3108,019
Goiás;2016;3108,019
Goiatuba;2002;2475,107
Goiatuba;2012;2475,11
Goiatuba;2013;2475,112
Goiatuba;2014;2475,112
Goiatuba;2015;2470,347
Goiatuba;2016;2470,347
Gouvelândia;2002;830,77
Gouvelândia;2012;824,26
Gouvelândia;2013;824,26
Gouvelândia;2014;824,26
Gouvelândia;2015;824,748
Gouvelândia;2016;824,748
Guapó;2002;517,005
Guapó;2012;516,84
Guapó;2013;516,844
Guapó;2014;516,844
Guapó;2015;516,844
Guapó;2016;517,255
Guaraíta;2002;205,306
Guaraíta;2012;205,31
Guaraíta;2013;205,307
Guaraíta;2014;205,307
Guaraíta;2015;205,307
Guaraíta;2016;205,307
Guarani de Goiás;2002;1229,122
Guarani de Goiás;2012;1229,15
Guarani de Goiás;2013;1229,148
Guarani de Goiás;2014;1229,148
Guarani de Goiás;2015;1229,148
Guarani de Goiás;2016;1229,148
Guarinos;2002;595,865
Guarinos;2012;595,87
Guarinos;2013;595,866
Guarinos;2014;595,866
Guarinos;2015;595,866
Guarinos;2016;595,866
Heitoraí;2002;229,666
Heitoraí;2012;229,64
Heitoraí;2013;229,638
Heitoraí;2014;229,638
Heitoraí;2015;229,638
Heitoraí;2016;229,638
Hidrolândia;2002;944,238
Hidrolândia;2012;943,9
Hidrolândia;2013;943,897
Hidrolândia;2014;943,897
Hidrolândia;2015;953,729
Hidrolândia;2016;953,729
Hidrolina;2002;580,386
Hidrolina;2012;580,39
Hidrolina;2013;580,391
Hidrolina;2014;580,391
Hidrolina;2015;580,391
Hidrolina;2016;580,391
Iaciara;2002;1625,284
Iaciara;2012;1550,38
Iaciara;2013;1550,376
Iaciara;2014;1550,376
Iaciara;2015;1550,376
Iaciara;2016;1550,376
Inaciolândia;2002;688,398
Inaciolândia;2012;688,4
Inaciolândia;2013;688,404
Inaciolândia;2014;688,404
Inaciolândia;2015;688,197
Inaciolândia;2016;688,197
Indiara;2002;956,473
Indiara;2012;956,48
Indiara;2013;956,475
Indiara;2014;956,475
Indiara;2015;956,475
Indiara;2016;956,475
Inhumas;2002;613,349
Inhumas;2012;613,23
Inhumas;2013;613,226
Inhumas;2014;613,226
Inhumas;2015;615,278
Inhumas;2016;615,278
Ipameri;2002;4368,688
Ipameri;2012;4368,99
Ipameri;2013;4368,991
Ipameri;2014;4368,991
Ipameri;2015;4368,991
Ipameri;2016;4368,988
Ipiranga de Goiás;2002;241,464
Ipiranga de Goiás;2012;241,29
Ipiranga de Goiás;2013;241,289
Ipiranga de Goiás;2014;241,289
Ipiranga de Goiás;2015;241,289
Ipiranga de Goiás;2016;241,289
Iporá;2002;1026,387
Iporá;2012;1026,38
Iporá;2013;1026,384
Iporá;2014;1026,384
Iporá;2015;1026,384
Iporá;2016;1026,384
Israelândia;2002;577,48
Israelândia;2012;577,48
Israelândia;2013;577,482
Israelândia;2014;577,482
Israelândia;2015;577,482
Israelândia;2016;577,482
Itaberaí;2002;1471,173
Itaberaí;2012;1457,28
Itaberaí;2013;1457,28
Itaberaí;2014;1457,28
Itaberaí;2015;1457,28
Itaberaí;2016;1457,28
Itaguari;2002;135,525
Itaguari;2012;146,64
Itaguari;2013;146,638
Itaguari;2014;146,638
Itaguari;2015;146,638
Itaguari;2016;146,638
Itaguaru;2002;239,936
Itaguaru;2012;239,68
Itaguaru;2013;239,677
Itaguaru;2014;239,677
Itaguaru;2015;239,677
Itaguaru;2016;239,677
Itajá;2002;2091,394
Itajá;2012;2091,4
Itajá;2013;2091,397
Itajá;2014;2091,397
Itajá;2015;2091,397
Itajá;2016;2091,397
Itapaci;2002;956,126
Itapaci;2012;956,13
Itapaci;2013;956,125
Itapaci;2014;956,125
Itapaci;2015;956,125
Itapaci;2016;956,125
Itapirapuã;2002;2043,699
Itapirapuã;2012;2043,72
Itapirapuã;2013;2043,715
Itapirapuã;2014;2043,715
Itapirapuã;2015;2043,715
Itapirapuã;2016;2043,715
Itapuranga;2002;1277,16
Itapuranga;2012;1276,48
Itapuranga;2013;1276,479
Itapuranga;2014;1276,479
Itapuranga;2015;1276,479
Itapuranga;2016;1276,479
Itarumã;2002;3433,619
Itarumã;2012;3433,63
Itarumã;2013;3433,626
Itarumã;2014;3433,626
Itarumã;2015;3433,626
Itarumã;2016;3433,626
Itauçu;2002;383,682
Itauçu;2012;383,84
Itauçu;2013;383,842
Itauçu;2014;383,842
Itauçu;2015;383,842
Itauçu;2016;383,842
Itumbiara;2002;2461,28
Itumbiara;2012;2462,93
Itumbiara;2013;2462,93
Itumbiara;2014;2462,93
Itumbiara;2015;2464,51
Itumbiara;2016;2464,51
Ivolândia;2002;1262,837
Ivolândia;2012;1257,66
Ivolândia;2013;1257,663
Ivolândia;2014;1257,663
Ivolândia;2015;1257,663
Ivolândia;2016;1257,663
Jandaia;2002;864,104
Jandaia;2012;864,11
Jandaia;2013;864,106
Jandaia;2014;864,106
Jandaia;2015;864,106
Jandaia;2016;864,106
Jaraguá;2002;1888,938
Jaraguá;2012;1849,55
Jaraguá;2013;1849,552
Jaraguá;2014;1849,552
Jaraguá;2015;1849,552
Jaraguá;2016;1849,552
Jataí;2002;7174,217
Jataí;2012;7174,23
Jataí;2013;7174,228
Jataí;2014;7174,228
Jataí;2015;7174,22
Jataí;2016;7174,225
Jaupaci;2002;527,2
Jaupaci;2012;527,1
Jaupaci;2013;527,103
Jaupaci;2014;527,103
Jaupaci;2015;527,103
Jaupaci;2016;527,103
Jesúpolis;2002;120,919
Jesúpolis;2012;122,48
Jesúpolis;2013;122,475
Jesúpolis;2014;122,475
Jesúpolis;2015;122,475
Jesúpolis;2016;122,475
Joviânia;2002;454,884
Joviânia;2012;445,49
Joviânia;2013;445,487
Joviânia;2014;445,487
Joviânia;2015;445,487
Joviânia;2016;445,487
Jussara;2002;4092,456
Jussara;2012;4084,11
Jussara;2013;4084,114
Jussara;2014;4084,114
Jussara;2015;4084,114
Jussara;2016;4085,363
Lagoa Santa;2002;458,865
Lagoa Santa;2012;458,87
Lagoa Santa;2013;458,868
Lagoa Santa;2014;458,868
Lagoa Santa;2015;458,868
Lagoa Santa;2016;458,868
Leopoldo de Bulhões;2002;495,015
Leopoldo de Bulhões;2012;480,89
Leopoldo de Bulhões;2013;480,891
Leopoldo de Bulhões;2014;480,891
Leopoldo de Bulhões;2015;480,891
Leopoldo de Bulhões;2016;473,275
Luziânia;2002;3961,536
Luziânia;2012;3961,12
Luziânia;2013;3961,122
Luziânia;2014;3961,099
Luziânia;2015;3961,099
Luziânia;2016;3961,1
Mairipotaba;2002;460,975
Mairipotaba;2012;467,43
Mairipotaba;2013;467,428
Mairipotaba;2014;467,428
Mairipotaba;2015;467,428
Mairipotaba;2016;467,428
Mambaí;2002;859,555
Mambaí;2012;880,62
Mambaí;2013;880,624
Mambaí;2014;880,624
Mambaí;2015;880,624
Mambaí;2016;847,129
Mara Rosa;2002;1703,948
Mara Rosa;2012;1687,91
Mara Rosa;2013;1687,905
Mara Rosa;2014;1687,905
Mara Rosa;2015;1687,905
Mara Rosa;2016;1687,842
Marzagão;2002;228,091
Marzagão;2012;222,43
Marzagão;2013;222,428
Marzagão;2014;222,428
Marzagão;2015;222,428
Marzagão;2016;222,428
Matrinchã;2002;1150,891
Matrinchã;2012;1150,89
Matrinchã;2013;1150,894
Matrinchã;2014;1150,894
Matrinchã;2015;1150,894
Matrinchã;2016;1150,894
Maurilândia;2002;393,793
Maurilândia;2012;389,76
Maurilândia;2013;389,697
Maurilândia;2014;389,697
Maurilândia;2015;389,697
Maurilândia;2016;389,697
Mimoso de Goiás;2002;1386,91
Mimoso de Goiás;2012;1386,92
Mimoso de Goiás;2013;1386,915
Mimoso de Goiás;2014;1386,915
Mimoso de Goiás;2015;1386,915
Mimoso de Goiás;2016;1386,915
Minaçu;2002;2860,719
Minaçu;2012;2860,74
Minaçu;2013;2860,735
Minaçu;2014;2860,735
Minaçu;2015;2860,735
Minaçu;2016;2860,735
Mineiros;2002;8896,304
Mineiros;2012;9060,09
Mineiros;2013;9060,091
Mineiros;2014;9060,091
Mineiros;2015;9060,091
Mineiros;2016;9038,769
Moiporá;2002;460,623
Moiporá;2012;460,62
Moiporá;2013;460,624
Moiporá;2014;460,624
Moiporá;2015;460,624
Moiporá;2016;460,624
Monte Alegre de Goiás;2002;3119,791
Monte Alegre de Goiás;2012;3119,81
Monte Alegre de Goiás;2013;3119,808
Monte Alegre de Goiás;2014;3119,808
Monte Alegre de Goiás;2015;3119,808
Monte Alegre de Goiás;2016;3119,808
Montes Claros de Goiás;2002;2899,177
Montes Claros de Goiás;2012;2899,18
Montes Claros de Goiás;2013;2899,177
Montes Claros de Goiás;2014;2899,177
Montes Claros de Goiás;2015;2899,177
Montes Claros de Goiás;2016;2903,848
Montividiu;2002;1874,611
Montividiu;2012;1874,15
Montividiu;2013;1874,153
Montividiu;2014;1874,153
Montividiu;2015;1874,151
Montividiu;2016;1869,728
Montividiu do Norte;2002;1332,991
Montividiu do Norte;2012;1333
Montividiu do Norte;2013;1332,996
Montividiu do Norte;2014;1332,996
Montividiu do Norte;2015;1332,997
Montividiu do Norte;2016;1332,996
Morrinhos;2002;2846,191
Morrinhos;2012;2846,2
Morrinhos;2013;2846,199
Morrinhos;2014;2846,199
Morrinhos;2015;2846,199
Morrinhos;2016;2846,199
Morro Agudo de Goiás;2002;282,615
Morro Agudo de Goiás;2012;282,62
Morro Agudo de Goiás;2013;282,616
Morro Agudo de Goiás;2014;282,616
Morro Agudo de Goiás;2015;282,616
Morro Agudo de Goiás;2016;282,616
Mossâmedes;2002;684,451
Mossâmedes;2012;684,45
Mossâmedes;2013;684,452
Mossâmedes;2014;684,452
Mossâmedes;2015;684,452
Mossâmedes;2016;684,452
Mozarlândia;2002;1734,359
Mozarlândia;2012;1734,36
Mozarlândia;2013;1734,364
Mozarlândia;2014;1734,364
Mozarlândia;2015;1734,364
Mozarlândia;2016;1734,364
Mundo Novo;2002;2146,649
Mundo Novo;2012;2146,65
Mundo Novo;2013;2146,651
Mundo Novo;2014;2146,651
Mundo Novo;2015;2146,651
Mundo Novo;2016;2146,651
Mutunópolis;2002;869,033
Mutunópolis;2012;955,88
Mutunópolis;2013;955,875
Mutunópolis;2014;955,875
Mutunópolis;2015;955,875
Mutunópolis;2016;955,875
Nazário;2002;300,089
Nazário;2012;269,1
Nazário;2013;269,103
Nazário;2014;269,103
Nazário;2015;269,103
Nazário;2016;269,103
Nerópolis;2002;204,216
Nerópolis;2012;204,22
Nerópolis;2013;204,217
Nerópolis;2014;204,217
Nerópolis;2015;204,217
Nerópolis;2016;204,217
Niquelândia;2002;9843,17
Niquelândia;2012;9843,25
Niquelândia;2013;9843,247
Niquelândia;2014;9843,247
Niquelândia;2015;9843,247
Niquelândia;2016;9843,247
Nova América;2002;212,023
Nova América;2012;212,03
Nova América;2013;212,025
Nova América;2014;212,025
Nova América;2015;212,025
Nova América;2016;212,025
Nova Aurora;2002;302,66
Nova Aurora;2012;302,66
Nova Aurora;2013;302,655
Nova Aurora;2014;302,655
Nova Aurora;2015;302,655
Nova Aurora;2016;302,655
Nova Crixás;2002;7298,795
Nova Crixás;2012;7298,78
Nova Crixás;2013;7298,781
Nova Crixás;2014;7298,781
Nova Crixás;2015;7298,778
Nova Crixás;2016;7302,226
Nova Glória;2002;412,975
Nova Glória;2012;412,95
Nova Glória;2013;412,953
Nova Glória;2014;412,953
Nova Glória;2015;412,953
Nova Glória;2016;412,953
Nova Iguaçu de Goiás;2002;628,441
Nova Iguaçu de Goiás;2012;628,44
Nova Iguaçu de Goiás;2013;628,444
Nova Iguaçu de Goiás;2014;628,444
Nova Iguaçu de Goiás;2015;628,444
Nova Iguaçu de Goiás;2016;628,444
Nova Roma;2002;2135,945
Nova Roma;2012;2135,96
Nova Roma;2013;2135,96
Nova Roma;2014;2135,96
Nova Roma;2015;2135,96
Nova Roma;2016;2135,96
Nova Veneza;2002;123,376
Nova Veneza;2012;123,38
Nova Veneza;2013;123,377
Nova Veneza;2014;123,377
Nova Veneza;2015;123,377
Nova Veneza;2016;123,377
Novo Brasil;2002;649,954
Novo Brasil;2012;649,95
Novo Brasil;2013;649,954
Novo Brasil;2014;649,954
Novo Brasil;2015;649,954
Novo Brasil;2016;649,954
Novo Gama;2002;191,675
Novo Gama;2012;194,99
Novo Gama;2013;194,992
Novo Gama;2014;194,992
Novo Gama;2015;194,992
Novo Gama;2016;194,992
Novo Planalto;2002;1242,639
Novo Planalto;2012;1242,96
Novo Planalto;2013;1242,818
Novo Planalto;2014;1242,819
Novo Planalto;2015;1242,819
Novo Planalto;2016;1242,964
Orizona;2002;1972,865
Orizona;2012;1972,88
Orizona;2013;1972,884
Orizona;2014;1972,884
Orizona;2015;1972,884
Orizona;2016;1972,884
Ouro Verde de Goiás;2002;209,679
Ouro Verde de Goiás;2012;208,77
Ouro Verde de Goiás;2013;208,769
Ouro Verde de Goiás;2014;208,769
Ouro Verde de Goiás;2015;208,769
Ouro Verde de Goiás;2016;208,769
Ouvidor;2002;413,786
Ouvidor;2012;413,78
Ouvidor;2013;413,784
Ouvidor;2014;413,784
Ouvidor;2015;413,784
Ouvidor;2016;413,782
Padre Bernardo;2002;3137,903
Padre Bernardo;2012;3139,18
Padre Bernardo;2013;3139,175
Padre Bernardo;2014;3139,175
Padre Bernardo;2015;3139,175
Padre Bernardo;2016;3139,175
Palestina de Goiás;2002;1320,683
Palestina de Goiás;2012;1320,69
Palestina de Goiás;2013;1320,687
Palestina de Goiás;2014;1320,687
Palestina de Goiás;2015;1320,687
Palestina de Goiás;2016;1320,687
Palmeiras de Goiás;2002;1539,683
Palmeiras de Goiás;2012;1539,69
Palmeiras de Goiás;2013;1539,693
Palmeiras de Goiás;2014;1539,693
Palmeiras de Goiás;2015;1539,693
Palmeiras de Goiás;2016;1539,692
Palmelo;2002;58,997
Palmelo;2012;58,96
Palmelo;2013;58,959
Palmelo;2014;58,959
Palmelo;2015;58,959
Palmelo;2016;58,959
Palminópolis;2002;387,693
Palminópolis;2012;387,69
Palminópolis;2013;387,693
Palminópolis;2014;387,693
Palminópolis;2015;387,693
Palminópolis;2016;387,693
Panamá;2002;433,759
Panamá;2012;433,76
Panamá;2013;433,761
Panamá;2014;433,761
Panamá;2015;433,817
Panamá;2016;433,817
Paranaiguara;2002;1153,786
Paranaiguara;2012;1153,83
Paranaiguara;2013;1153,833
Paranaiguara;2014;1153,833
Paranaiguara;2015;1153,833
Paranaiguara;2016;1153,623
Paraúna;2002;3781,219
Paraúna;2012;3779,39
Paraúna;2013;3779,385
Paraúna;2014;3779,385
Paraúna;2015;3779,385
Paraúna;2016;3779,385
Perolândia;2002;1029,622
Perolândia;2012;1029,62
Perolândia;2013;1029,624
Perolândia;2014;1029,624
Perolândia;2015;1029,624
Perolândia;2016;1029,624
Petrolina de Goiás;2002;540,451
Petrolina de Goiás;2012;531,3
Petrolina de Goiás;2013;531,3
Petrolina de Goiás;2014;531,3
Petrolina de Goiás;2015;531,3
Petrolina de Goiás;2016;531,3
Pilar de Goiás;2002;906,648
Pilar de Goiás;2012;906,65
Pilar de Goiás;2013;906,65
Pilar de Goiás;2014;906,646
Pilar de Goiás;2015;906,645
Pilar de Goiás;2016;906,644
Piracanjuba;2002;2405,114
Piracanjuba;2012;2405,12
Piracanjuba;2013;2403,167
Piracanjuba;2014;2403,167
Piracanjuba;2015;2380,732
Piracanjuba;2016;2380,732
Piranhas;2002;2047,76
Piranhas;2012;2047,77
Piranhas;2013;2047,765
Piranhas;2014;2047,765
Piranhas;2015;2047,765
Piranhas;2016;2047,765
Pirenópolis;2002;2227,793
Pirenópolis;2012;2205,01
Pirenópolis;2013;2205,01
Pirenópolis;2014;2205,01
Pirenópolis;2015;2205,01
Pirenópolis;2016;2205,01
Pires do Rio;2002;1073,369
Pires do Rio;2012;1073,36
Pires do Rio;2013;1073,361
Pires do Rio;2014;1073,361
Pires do Rio;2015;1073,361
Pires do Rio;2016;1073,36
Planaltina;2002;2539,113
Planaltina;2012;2543,87
Planaltina;2013;2543,677
Planaltina;2014;2543,677
Planaltina;2015;2543,677
Planaltina;2016;2543,677
Pontalina;2002;1428,194
Pontalina;2012;1436,95
Pontalina;2013;1436,954
Pontalina;2014;1436,954
Pontalina;2015;1436,954
Pontalina;2016;1436,954
Porangatu;2002;4820,485
Porangatu;2012;4820,52
Porangatu;2013;4820,518
Porangatu;2014;4820,518
Porangatu;2015;4820,518
Porangatu;2016;4820,524
Porteirão;2002;603,917
Porteirão;2012;603,94
Porteirão;2013;603,941
Porteirão;2014;603,941
Porteirão;2015;603,941
Porteirão;2016;603,941
Portelândia;2002;550,646
Portelândia;2012;556,58
Portelândia;2013;556,576
Portelândia;2014;556,576
Portelândia;2015;556,576
Portelândia;2016;556,576
Posse;2002;1949,632
Posse;2012;2024,54
Posse;2013;2024,537
Posse;2014;2024,537
Posse;2015;2024,537
Posse;2016;2058,031
Professor Jamil;2002;347,464
Professor Jamil;2012;347,47
Professor Jamil;2013;349,419
Professor Jamil;2014;349,419
Professor Jamil;2015;349,419
Professor Jamil;2016;349,419
Quirinópolis;2002;3780,173
Quirinópolis;2012;3786,69
Quirinópolis;2013;3786,694
Quirinópolis;2014;3786,694
Quirinópolis;2015;3789,084
Quirinópolis;2016;3789,084
Rialma;2002;268,958
Rialma;2012;268,47
Rialma;2013;268,466
Rialma;2014;268,466
Rialma;2015;268,466
Rialma;2016;268,466
Rianápolis;2002;159,345
Rianápolis;2012;159,26
Rianápolis;2013;159,255
Rianápolis;2014;159,255
Rianápolis;2015;159,255
Rianápolis;2016;159,255
Rio Quente;2002;256,739
Rio Quente;2012;255,96
Rio Quente;2013;255,961
Rio Quente;2014;255,961
Rio Quente;2015;255,961
Rio Quente;2016;243,488
Rio Verde;2002;8388,295
Rio Verde;2012;8379,66
Rio Verde;2013;8379,659
Rio Verde;2014;8379,659
Rio Verde;2015;8379,661
Rio Verde;2016;8386,827
Rubiataba;2002;748,273
Rubiataba;2012;748,26
Rubiataba;2013;748,264
Rubiataba;2014;748,264
Rubiataba;2015;748,264
Rubiataba;2016;748,264
Sanclerlândia;2002;496,824
Sanclerlândia;2012;496,83
Sanclerlândia;2013;496,825
Sanclerlândia;2014;496,825
Sanclerlândia;2015;496,825
Sanclerlândia;2016;496,825
Santa Bárbara de Goiás;2002;139,598
Santa Bárbara de Goiás;2012;139,6
Santa Bárbara de Goiás;2013;139,598
Santa Bárbara de Goiás;2014;139,598
Santa Bárbara de Goiás;2015;139,598
Santa Bárbara de Goiás;2016;139,598
Santa Cruz de Goiás;2002;1108,92
Santa Cruz de Goiás;2012;1108,96
Santa Cruz de Goiás;2013;1108,962
Santa Cruz de Goiás;2014;1108,962
Santa Cruz de Goiás;2015;1108,962
Santa Cruz de Goiás;2016;1108,963
Santa Fé de Goiás;2002;1160,8
Santa Fé de Goiás;2012;1169,17
Santa Fé de Goiás;2013;1169,167
Santa Fé de Goiás;2014;1169,167
Santa Fé de Goiás;2015;1169,167
Santa Fé de Goiás;2016;1169,167
Santa Helena de Goiás;2002;1127,855
Santa Helena de Goiás;2012;1141,33
Santa Helena de Goiás;2013;1141,389
Santa Helena de Goiás;2014;1141,389
Santa Helena de Goiás;2015;1141,389
Santa Helena de Goiás;2016;1141,389
Santa Isabel;2002;806,814
Santa Isabel;2012;807,2
Santa Isabel;2013;807,204
Santa Isabel;2014;807,204
Santa Isabel;2015;807,204
Santa Isabel;2016;807,204
Santa Rita do Araguaia;2002;1361,764
Santa Rita do Araguaia;2012;1361,77
Santa Rita do Araguaia;2013;1361,773
Santa Rita do Araguaia;2014;1361,773
Santa Rita do Araguaia;2015;1361,773
Santa Rita do Araguaia;2016;1355,782
Santa Rita do Novo Destino;2002;956,037
Santa Rita do Novo Destino;2012;956,04
Santa Rita do Novo Destino;2013;956,041
Santa Rita do Novo Destino;2014;956,041
Santa Rita do Novo Destino;2015;956,041
Santa Rita do Novo Destino;2016;956,041
Santa Rosa de Goiás;2002;170,97
Santa Rosa de Goiás;2012;164,1
Santa Rosa de Goiás;2013;164,097
Santa Rosa de Goiás;2014;164,097
Santa Rosa de Goiás;2015;164,097
Santa Rosa de Goiás;2016;164,097
Santa Tereza de Goiás;2002;794,553
Santa Tereza de Goiás;2012;794,56
Santa Tereza de Goiás;2013;794,556
Santa Tereza de Goiás;2014;794,556
Santa Tereza de Goiás;2015;794,556
Santa Tereza de Goiás;2016;794,556
Santa Terezinha de Goiás;2002;1202,195
Santa Terezinha de Goiás;2012;1202,24
Santa Terezinha de Goiás;2013;1202,24
Santa Terezinha de Goiás;2014;1202,244
Santa Terezinha de Goiás;2015;1202,244
Santa Terezinha de Goiás;2016;1202,246
Santo Antônio da Barra;2002;451,596
Santo Antônio da Barra;2012;451,6
Santo Antônio da Barra;2013;451,598
Santo Antônio da Barra;2014;451,598
Santo Antônio da Barra;2015;451,598
Santo Antônio da Barra;2016;451,598
Santo Antônio de Goiás;2002;132,803
Santo Antônio de Goiás;2012;132,81
Santo Antônio de Goiás;2013;132,805
Santo Antônio de Goiás;2014;132,805
Santo Antônio de Goiás;2015;132,805
Santo Antônio de Goiás;2016;132,805
Santo Antônio do Descoberto;2002;938,309
Santo Antônio do Descoberto;2012;944,14
Santo Antônio do Descoberto;2013;944,145
Santo Antônio do Descoberto;2014;944,145
Santo Antônio do Descoberto;2015;944,145
Santo Antônio do Descoberto;2016;944,145
São Domingos;2002;3295,558
São Domingos;2012;3295,74
São Domingos;2013;3295,737
São Domingos;2014;3295,737
São Domingos;2015;3295,737
São Domingos;2016;3295,74
São Francisco de Goiás;2002;339,368
São Francisco de Goiás;2012;415,79
São Francisco de Goiás;2013;415,791
São Francisco de Goiás;2014;415,791
São Francisco de Goiás;2015;415,791
São Francisco de Goiás;2016;415,791
São João d'Aliança;2002;3327,364
São João d'Aliança;2012;3327,38
São João d'Aliança;2013;3327,379
São João d'Aliança;2014;3327,379
São João d'Aliança;2015;3327,379
São João d'Aliança;2016;3327,379
São João da Paraúna;2002;305,357
São João da Paraúna;2012;287,83
São João da Paraúna;2013;287,825
São João da Paraúna;2014;287,825
São João da Paraúna;2015;287,825
São João da Paraúna;2016;287,825
São Luis de Montes Belos;2002;826,189
São Luis de Montes Belos;2012;826
São Luis de Montes Belos;2013;825,999
São Luis de Montes Belos;2014;825,999
São Luis de Montes Belos;2015;825,999
São Luis de Montes Belos;2016;825,999
São Luiz do Norte;2002;586,06
São Luiz do Norte;2012;586,06
São Luiz do Norte;2013;586,058
São Luiz do Norte;2014;586,058
São Luiz do Norte;2015;586,058
São Luiz do Norte;2016;586,058
São Miguel do Araguaia;2002;6144,38
São Miguel do Araguaia;2012;6144,41
São Miguel do Araguaia;2013;6144,407
São Miguel do Araguaia;2014;6144,407
São Miguel do Araguaia;2015;6144,407
São Miguel do Araguaia;2016;6148,795
São Miguel do Passa Quatro;2002;537,781
São Miguel do Passa Quatro;2012;537,79
São Miguel do Passa Quatro;2013;537,785
São Miguel do Passa Quatro;2014;537,785
São Miguel do Passa Quatro;2015;537,785
São Miguel do Passa Quatro;2016;537,785
São Patrício;2002;134,518
São Patrício;2012;171,96
São Patrício;2013;171,957
São Patrício;2014;171,957
São Patrício;2015;171,957
São Patrício;2016;171,957
São Simão;2002;414,055
São Simão;2012;414,01
São Simão;2013;414,011
São Simão;2014;414,011
São Simão;2015;414,011
São Simão;2016;414,222
Senador Canedo;2002;244,745
Senador Canedo;2012;245,28
Senador Canedo;2013;248,291
Senador Canedo;2014;248,291
Senador Canedo;2015;248,291
Senador Canedo;2016;248,291
Serranópolis;2002;5526,526
Serranópolis;2012;5526,72
Serranópolis;2013;5526,723
Serranópolis;2014;5526,723
Serranópolis;2015;5526,723
Serranópolis;2016;5526,723
Silvânia;2002;2264,769
Silvânia;2012;2345,94
Silvânia;2013;2345,94
Silvânia;2014;2345,94
Silvânia;2015;2345,94
Silvânia;2016;2345,94
Simolândia;2002;347,823
Simolândia;2012;347,98
Simolândia;2013;347,976
Simolândia;2014;347,976
Simolândia;2015;347,976
Simolândia;2016;347,976
Sítio d'Abadia;2002;1598,337
Sítio d'Abadia;2012;1598,35
Sítio d'Abadia;2013;1598,346
Sítio d'Abadia;2014;1598,346
Sítio d'Abadia;2015;1598,049
Sítio d'Abadia;2016;1598,049
Taquaral de Goiás;2002;201,392
Taquaral de Goiás;2012;204,22
Taquaral de Goiás;2013;204,218
Taquaral de Goiás;2014;204,218
Taquaral de Goiás;2015;204,218
Taquaral de Goiás;2016;204,218
Teresina de Goiás;2002;774,635
Teresina de Goiás;2012;774,64
Teresina de Goiás;2013;774,639
Teresina de Goiás;2014;774,639
Teresina de Goiás;2015;774,639
Teresina de Goiás;2016;774,639
Terezópolis de Goiás;2002;106,976
Terezópolis de Goiás;2012;106,91
Terezópolis de Goiás;2013;106,913
Terezópolis de Goiás;2014;106,913
Terezópolis de Goiás;2015;106,913
Terezópolis de Goiás;2016;106,913
Três Ranchos;2002;282,064
Três Ranchos;2012;282,07
Três Ranchos;2013;282,069
Três Ranchos;2014;282,069
Três Ranchos;2015;282,069
Três Ranchos;2016;282,071
Trindade;2002;713,28
Trindade;2012;710,71
Trindade;2013;710,714
Trindade;2014;710,821
Trindade;2015;710,328
Trindade;2016;710,328
Trombas;2002;799,123
Trombas;2012;799,13
Trombas;2013;799,125
Trombas;2014;799,125
Trombas;2015;799,125
Trombas;2016;799,125
Turvânia;2002;472,346
Turvânia;2012;480,78
Turvânia;2013;480,775
Turvânia;2014;480,775
Turvânia;2015;480,775
Turvânia;2016;480,775
Turvelândia;2002;934,26
Turvelândia;2012;933,96
Turvelândia;2013;933,957
Turvelândia;2014;933,957
Turvelândia;2015;933,957
Turvelândia;2016;933,957
Uirapuru;2002;1153,472
Uirapuru;2012;1153,48
Uirapuru;2013;1153,475
Uirapuru;2014;1153,475
Uirapuru;2015;1153,475
Uirapuru;2016;1153,475
Uruaçu;2002;2141,776
Uruaçu;2012;2141,82
Uruaçu;2013;2141,817
Uruaçu;2014;2141,819
Uruaçu;2015;2141,824
Uruaçu;2016;2141,822
Uruana;2002;522,127
Uruana;2012;522,51
Uruana;2013;522,506
Uruana;2014;522,506
Uruana;2015;522,506
Uruana;2016;522,506
Urutaí;2002;626,717
Urutaí;2012;626,72
Urutaí;2013;626,723
Urutaí;2014;626,723
Urutaí;2015;626,723
Urutaí;2016;626,722
Valparaíso de Goiás;2002;60,111
Valparaíso de Goiás;2012;61,41
Valparaíso de Goiás;2013;61,41
Valparaíso de Goiás;2014;61,45
Valparaíso de Goiás;2015;61,45
Valparaíso de Goiás;2016;61,45
Varjão;2002;519,029
Varjão;2012;519,19
Varjão;2013;519,194
Varjão;2014;519,194
Varjão;2015;519,194
Varjão;2016;519,194
Vianópolis;2002;954,279
Vianópolis;2012;954,28
Vianópolis;2013;954,284
Vianópolis;2014;954,284
Vianópolis;2015;954,284
Vianópolis;2016;954,284
Vicentinópolis;2002;737,251
Vicentinópolis;2012;737,26
Vicentinópolis;2013;737,256
Vicentinópolis;2014;737,256
Vicentinópolis;2015;737,256
Vicentinópolis;2016;737,255
Vila Boa;2002;1060,17
Vila Boa;2012;1060,17
Vila Boa;2013;1060,172
Vila Boa;2014;1060,172
Vila Boa;2015;1060,172
Vila Boa;2016;1060,172
Vila Propício;2002;2181,575
Vila Propício;2012;2181,58
Vila Propício;2013;2181,583
Vila Propício;2014;2181,583
Vila Propício;2015;2181,583
Vila Propício;2016;2181,583
